StoryID,GroupOrder,ViewOrder,NameJP,PhraseJP,NameEN,PhraseEN
42017201,1,1,,なごやかな音楽が鳴り響く中、\n大勢の買い物客が館内を行き交っている。\nその賑わいたるや、\nお祭りでも行われているのではないかと思うほどだ。,,
42017201,2,1,ヴィヴィアン,「ここがＭセントイリス自慢の『デパート』ね。\n　なんて広いのかしら」,,
42017201,3,1,パンクラス,「セントイリスにも大きなブティックなんかはありましたけど、\n　色々な店を一同に集めた場所というのは初めてですわ。\n　圧倒されてしまいますわね」,,
42017201,4,1,ヴィヴィアン,「しかもこの広い売り場が何階分もあるのよね。\n　一日で回りきれるかしら」,,
42017201,5,1,ヴィヴィアン,「しかも１階は全部アクセサリー売り場だわ。\n　どうしよう、目移りしちゃう～」,,
42017201,6,1,,ヴィヴィアンが近場の店先に走っていこうとするのを止める。\nこの人混みだとはぐれたら合流が大変だ。\nヴェルサイユが来るまで少し待ってくれ。,,
42017201,7,1,パンクラス,「本日の主役はヴェルサイユさんですものね。\n　彼女がいなくては始まりませんわ」,,
42017201,8,1,ヴィヴィアン,「鉄道騎士団に顔を出してから来るって話だけど、ちょっと遅いわね。\n　何かトラブルでもあったのかしら？」,,
42017201,9,1,,そんな話をしていると、\nエントランスの方からヴェルサイユが走ってきた。,,
42017201,10,1,ヴェルサイユ,「すっ、すみませんお待たせしましたっ」,,
42017201,11,1,,遅れるなんてヴェルサイユにしては珍しいな。\n何かトラブルでもあったのか？,,
42017201,12,1,ヴェルサイユ,「いえ、そういうわけではありません。\n　実はユーストン騎士長に\n　『ちゃんとした格好で行きなさい』と言われたんですが、\n　私、自分の持っている服が『ちゃんとした格好』か分からなかったんです」,,
42017201,13,1,ヴェルサイユ,「それで熟考した結果、騎士団の鎧を着ていこうとしたんです。\n　けど、デパートに行くのにそれはない、\n　と騎士団のみなさんに指摘されてしまいまして。\n　それでまた服を選び直すことになってしまい、遅れました……」,,
42017201,14,1,,まあ騎士団のみなさんの言うとおり、\n買い物に鎧は着てこない方がいいな……。,,
42017201,15,1,ヴェルサイユ,「そうですか……。\n　私、ほとんど騎士団支給の服で過ごしてきたので、\n　あまり私服も持っていないんです。\n　だから『おしゃれ』というものがよく分かりません」,,
42017201,16,1,ヴィヴィアン,「大丈夫よヴェルサイユ。\n　そのために今日は私たちがいるんじゃない」,,
42017201,17,1,パンクラス,「そうです。\n　わたくしとヴィヴィアンさんで、\n　しっかりとおしゃれを伝授させて頂きますわ」,,
42017201,18,1,ヴェルサイユ,「ありがとうございます。\n　おふたりがいてくれれば、\n　きっと私も舞踏会に出席できるドレスを買えます」,,
42017201,19,1,,そう、今日デパートに来たのは、\nヴェルサイユからの相談が発端なのである。\nなんでもヴェルサイユは今度、\n舞踏会に参加することになったらしい。,,
42017201,20,1,,それでドレスを購入しようと思ったのだが、\nおしゃれに疎いからどんなものを購入していいか分からないという。,,
42017201,21,1,,とまあ、そんな相談を受けたものの、\nこちらも女性のドレスに詳しいわけではない。\nだから特鉄隊の中でもおしゃれに詳しい２人、\nヴィヴィアンとパンクラスにお願いしたというわけである。,,
42017201,22,1,ヴィヴィアン,「ヴェルサイユ、目指すはアレよ」,,
42017201,23,1,,ヴィヴィアンが柱に貼られていたポスターをビシッと指さす。\nそこには猛獣に寄りかかってポーズを決める美女が描かれていた。\nさらに横には大きく『美女と魔獣』という文字が印字されている。\nどうやらデパートで行っているセールの告知のようだ。,,
42017201,24,1,パンクラス,「ええと、コンセプトは\n　『魔獣を従えるほどにカッコよく美しく――』」,,
42017201,25,1,パンクラス,「まあ、なんてエレガントですの！\n　いいじゃありませんかヴェルサイユさん」,,
42017201,26,1,ヴェルサイユ,「え、私あれを目指すんですか！？\n　そんなのムリですよ～」,,
42017201,27,1,ヴェルサイユ,「だって私、モデルの女性に比べると圧倒的に小柄ですよ？\n　同じようなドレスが似合うとは思えません」,,
42017201,28,1,,ヴェルサイユはシャナ族という小人族で、\nほとんどの大人が今の彼女くらいの身長らしい。\nだから子どもに間違われることも多いという。,,
42017201,29,1,ヴィヴィアン,「別に同じものを買いなさいって言ってるわけじゃないの。\n　あんな風にカッコよくてきれいなヴェルサイユになれる、\n　そんなドレスを探しましょう、って話よ」,,
42017201,30,1,パンクラス,「そうですわ。\n　絶対にヴェルサイユさんに似合うものはあります」,,
42017201,31,1,ヴェルサイユ,「本当にあるんでしょうか、そんなドレス」,,
42017201,32,1,ヴィヴィアン,「あるある！\n　だってデパートったらこんなに広いのよ？\n　出る時には３人でおしゃれになってるに決まってるわ」,,
42017201,33,1,ヴィヴィアン,「あ、あの指輪すごいカワイイ！\n　ほらみんな、早く見て回りましょうよ」,,
42017201,34,1,パンクラス,「ここにずっと立っていても時間が勿体ないですわね。\n　さあ行きましょう、ヴェルサイユさん」,,
42017201,35,1,パンクラス,「Ｍセントイリスの下着やドレス、\n　いったいどんなデザインなのでしょう。\n　わたくし、今からワクワクが止まりませんわ」,,
42017201,36,1,,ヴィヴィアンとパンクラスは、\nそれぞれ期待に胸を膨らませながら売り場へと向かっていった。\nそんな２人とは対照的に、\nヴェルサイユはいまだ不安げな様子だった。,,
42017201,37,1,ヴェルサイユ,「私、ちゃんと買えるかな」,,
42017201,38,1,,そんなことを呟くヴェルサイユの肩をそっと押して、\nヴィヴィアンたちに追いつこうと促す。\nこれだけあるんだ、\n絶対に似合うドレスは見つかるに違いない。,,
42017202,1,1,,おしゃれに疎いヴェルサイユのドレス購入を手伝うため、\nヴィヴィアンとパンクラスを助っ人に呼んで、\nデパートへとやって来た。,,
42017202,2,1,,ヴェルサイユは自分がちゃんとドレスを買えるか不安げな様子だが、\n他の２人が腕を掴んで引っ張っていくような感じだったので、\n安心して見守ることができていた。,,
42017202,3,1,ヴェルサイユ,「あれっ、このお店に入るんですか？\n　下着売り場ですよ、ここ」,,
42017202,4,1,パンクラス,「自分にピッタリのドレスを買うなら、\n　まずはしっかりとした下着選びからですわ」,,
42017202,5,1,パンクラス,「身体のラインを整え、薄手のドレスだろうと邪魔せず、\n　履き心地も素晴らしい――そんなおパンツを探すんですのよ」,,
42017202,6,1,ヴェルサイユ,「下着ひとつとっても、\n　そんなに考えなければいけないものなんですね。\n　どうしよう、私ぜんぜん分からない……」,,
42017202,7,1,ヴィヴィアン,「ヴェルサイユ、\n　試着のできない下着を買うコツを教えてあげる」,,
42017202,8,1,ヴィヴィアン,「フィーリングよ。\n　これだっていう１枚をその手に掴み取るの」,,
42017202,9,1,ヴェルサイユ,「なるほど、感じたままに手に取ったモノが、\n　自分に相応しいパンツということですね」,,
42017202,10,1,ヴェルサイユ,「昔、剣を買った時のことを思い出します。\n　あの時も自分が感じたままに選んだものが正解でした。\n　どれだけその剣に助けられてきたことか……。\n　では、私もフィーリングに従って選ぶことにします」,,
42017202,11,1,ヴェルサイユ,「――見えました、これです！」,,
42017202,12,1,,カッと目を見開き、\nヴェルサイユが見もせずに１枚のパンツを手に取る。,,
42017202,13,1,ヴェルサイユ,「え、これ……パンツですか？」,,
42017202,14,1,ヴィヴィアン,「わ、すごいヒモパン、いいえ糸パンね。\n　ラインが細すぎて見事に何も隠れないわ」,,
42017202,15,1,パンクラス,「さすがですわヴェルサイユさん。\n　百戦錬磨の剣士に恥じぬ、攻めたおパンツですわ」,,
42017202,16,1,ヴェルサイユ,「ちち、違います！\n　私こんなパンツ履けませんって！」,,
42017202,17,1,ヴィヴィアン,「自信たっぷりに『これです！』って言ってたじゃない。\n　それがヴェルサイユの運命のパンツなのよ！」,,
42017202,18,1,ヴェルサイユ,「じ、実は手に取る寸前に邪念が入ってしまったんです！\n　次こそ本当のフィーリングです！」,,
42017202,19,1,,ヴェルサイユが目をつぶり、\nフィーリングのために再び意識を集中し始める。,,
42017202,20,1,ヴェルサイユ,「うーん、どれでしょう……」,,
42017202,21,1,ヴェルサイユ,「そうだ、あの時の剣のように声を聞くんです。\n　さあ、私に声を聞かせてくれるパンツはどなたですか？\n　――そこにいるあなたですね？」,,
42017202,22,1,ヴェルサイユ,「来ましたフィーリング！\n　このパンツですっ！」,,
42017202,23,1,ヴィヴィアン,「いいわね、とても可愛らしいパンツじゃな……\n　あれ？　今ちょっとビリッときたような」,,
42017202,24,1,パンクラス,「それはオーパーツおパンツの１つ、\n　雷の魔力が込められた『ライトニングパンツ』……！\n　ヴェルサイユさん、あなたすごいモノを引き当てましてよ」,,
42017202,25,1,ヴェルサイユ,「もしかして履いた人に雷の加護がかかるんですか！？\n　やりました、これこそ私のフィーリングです！」,,
42017202,26,1,ヴェルサイユ,「ふふ、これが私が選び、私が選ばれた運命のパンツなんですね。\n　ああ、こうして服の上から当てるんじゃなくて、\n　早く履いてみ――だばだばだばだばっ！」,,
42017202,27,1,ヴィヴィアン,「思いっきり雷が漏れてるみたいだけど……」,,
42017202,28,1,パンクラス,「ライトニングパンツは装着者に雷を与えるおパンツですのよ。\n　じかに履いたら、きっと年中痺れっぱなしでしょう」,,
42017202,29,1,ヴィヴィアン,「まさに雷の申し子ね。\n　やったじゃない、ヴェルサイユ」,,
42017202,30,1,ヴェルサイユ,「こんな危険物買いませんよ！？」,,
42017202,31,1,,ヴェルサイユがぷんすかと怒りながら、\nライトニングパンツを元の場所に戻す。\nよし、後で買おう。,,
42017202,32,1,ヴェルサイユ,「もう、ちゃんとしたパンツってどうやって選べばいいんでしょうか。\n　みなさんはパンツと、どうやって向き合ってるんですか？\n　いや、みなさんにとってパンツとはいったい何なんですか？」,,
42017202,33,1,ヴィヴィアン,「なんか難しく考えすぎてパンツ連呼しちゃってるけど、\n　そうね、私にとってパンツは『愛でるもの』よ。\n　オシャレなパンツを履いて、自分ごと鏡の前で眺めていたいわ～」,,
42017202,34,1,ヴェルサイユ,「なるほど、自分ごと愛せるもの、というわけですね。\n　ではパンクラスさんはどうですか？」,,
42017202,35,1,パンクラス,「わたくしにとっておパンツとは『見せるもの』ですわ」,,
42017202,36,1,,そう言うと、パンクラスは自分のスカートを少しだけまくし上げ、\n自分の履いているパンツをヴェルサイユに見せた。\n今日のはとても大人びたダークブルーのパンツだった。,,
42017202,37,1,パンクラス,「自慢のパンクラスコレクションの１つですわ。\n　とてもエレガントで気に入ってるんですのよ」,,
42017202,38,1,ヴェルサイユ,「なな、何をしているんですか！\n　他の人に見られちゃいますよ！？」,,
42017202,39,1,パンクラス,「見せるもの、と言ったではありませんか。\n　これは恥ずかしいことではありませんのよ」,,
42017202,40,1,ヴェルサイユ,「なるほど、パンクラスさんにとってパンツとは、\n　人に見られるためのもの、というわけですね」,,
42017202,41,1,パンクラス,「ええ。それがパンクラスですのよ」,,
42017202,42,1,ヴェルサイユ,「おふたりともそれぞれ、\n　パンツに対しての哲学を持っているわけですね。\n　ですが、私にはまだそれがありません。\n　だから選べないのでしょうか」,,
42017202,43,1,ヴィヴィアン,「そんなに哲学だの何だの気にしなくていいってば。\n　でも、迷いすぎると買えなくなっちゃう気持ち、分かるわ」,,
42017202,44,1,ヴィヴィアン,「そんな時はね、決めるの。\n　次に手に取ったものこそ、絶対の絶対に買うって」,,
42017202,45,1,ヴェルサイユ,「なるほど、背水に活路を見出すってことですね！\n　思い出します、森で魔物に追いつめられた時のこと。\n　川を背後に、私は起死回生の逆転をしたものでした」,,
42017202,46,1,ヴェルサイユ,「そう、今の私はもう後がない。\n　ですがそれでも私は諦めず、運命を切り拓いてみせます」,,
42017202,47,1,ヴェルサイユ,「そう、このパンツでっ！」,,
42017202,48,1,,ヴェルサイユが崖っぷちの覚悟で掴んだパンツ、それは――,,
42017202,49,1,パンクラス,「まあ、高級な男性用ブーメランおパンツですわね♪」,,
42017202,50,1,ヴィヴィアン,「それがヴェルサイユの運命のパンツ……」,,
42017202,51,1,ヴェルサイユ,「は、はは……」,,
42017202,52,1,ヴェルサイユ,「騎士に二言はありませんから、買います。\n　笑いたければ笑って下さい。\n　はい、これが私の運命ですよ」,,
42017202,53,1,ヴィヴィアン,「元気出してヴェルサイユ。\n　そ、そうだわ、今日の運勢みたいなものよ。\n　今日の運命！　明日からは違う運命が待っているわ！」,,
42017202,54,1,ヴェルサイユ,「もう、私ってばどこまで運が悪いんですか。\n　自信無くしちゃいます……」,,
42017202,55,1,,そんなヴェルサイユは少し瞳をうるうるさせながら、\n上目遣いにこちらを見つめてくる。,,
42017202,56,1,ヴェルサイユ,「車掌さん、せめて私の初めて……貰ってくれますか？」,,
42017202,57,1,,半泣きでその言い方されると誤解するから、\n初めて買った男モノのパンツを貰ってほしい、ってちゃんと言って？,,
42017202,58,1,パンクラス,「とりあえずおパンツ選びは置いといて、\n　次に進んだ方がいいですわね。\n　ヴェルサイユさんが早くも挫けそうです」,,
42017202,59,1,ヴィヴィアン,「そうね、よし、次行きましょう、次！」,,
42017203,1,1,,下着はとりあえず後で考えるとして、\nついにドレス売り場へと足を運ぶことにした。,,
42017203,2,1,,ほんと、ヴィヴィアンとパンクラスがいてくれてよかった。\nきっとこちらとヴェルサイユの２人きりだったら、\n何一つまともに買えずに終わっていたに違いない。,,
42017203,3,1,パンクラス,「３階はフロア全体がドレス専門店なんですのね。\n　デパートというのは本当にスケールが違いますわ」,,
42017203,4,1,ヴェルサイユ,「すごい、こんなにたくさんドレスがあるなんて」,,
42017203,5,1,ヴェルサイユ,「でもどうせ私はいいドレスなんて巡り会えないんですよ。\n　パンツで分かりましたけど、\n　今日の私のフィーリングはまったくよくないですから」,,
42017203,6,1,パンクラス,「ご安心下さい。\n　わたくしとヴィヴィアンさんがいる以上、\n　絶対にヴェルサイユさんには\n　最高にエレガントなドレスを見つけて帰ってもらいますわ」,,
42017203,7,1,パンクラス,「ではヴェルサイユさん、\n　あなたが気になったドレスを２つほど選んでみて下さい」,,
42017203,8,1,ヴェルサイユ,「気になったのはコレとコレですが……」,,
42017203,9,1,パンクラス,「あら、ヴェルサイユさんは本当にすごい運の持ち主ですわね。\n　その赤いドレスは『フレイムドレス』、\n　白い方は『セクシードレス』ですわ」,,
42017203,10,1,ヴェルサイユ,「え、また変な魔力が込められてるんですか？」,,
42017203,11,1,パンクラス,「その通りですわ。\n　フレイムドレスは着た人に――」,,
42017203,12,1,ヴェルサイユ,「どうせ着たら燃えたりするんでしょう、\n　ムリムリムリムリ、絶対にムリです！\n　だったら私、こっちのセクシードレスを試着します！」,,
42017203,13,1,パンクラス,「あ、ちょっとお待ち下さいヴェルサイユさん！\n　そっちのドレスはっ」,,
42017203,14,1,,パンクラスの制止を振り切り、\nヴェルサイユがもうひとつのドレスを抱えて試着室に入っていった。,,
42017203,15,1,パンクラス,「ああ、着替えに入ってしまわれましたわ」,,
42017203,16,1,ヴィヴィアン,「ねえパンクラス、\n　もうひとつのドレスも着ちゃダメなの？」,,
42017203,17,1,パンクラス,「あの白い『セクシードレス』も、魔力が込められてますの。\n　着た人がセクシーな言葉ばかり喋ってしまうという魔力が」,,
42017203,18,1,ヴィヴィアン,「なーんだ、そのくらいならいいじゃない♪\n　誰もケガしたりしないんだからさ」,,
42017203,19,1,パンクラス,「……それもそうですわね。\n　ヴェルサイユさんの出方を窺うとしましょう」,,
42017203,20,1,ヴェルサイユ,「意外とシャナ族サイズも揃ってるものなんですね……。\n　わ、このドレスけっこう胸元が開いてる。\n　これちょっと大胆すぎたかなぁ」,,
42017203,21,1,ヴェルサイユ,「よし、着替え完了です」,,
42017203,22,1,ヴェルサイユ,「お待たせしました！\n　私の全身、舐め回すように見つめて下さい！」,,
42017203,23,1,ヴェルサイユ,「あれ？　私いま変なこと口にしたような……」,,
42017203,24,1,ヴィヴィアン,「し、してないしてない。\n　それより、着心地はどう？」,,
42017203,25,1,ヴェルサイユ,「はい、絹のように滑らかな肌触りで、\n　まるで全裸でいるかのような開放感です。\n　それでいて身体中を常に愛撫されているかのようで、\n　もういつ絶頂に達してもおかしくないと言いますか――」,,
42017203,26,1,ヴェルサイユ,「わ、私何でこんなこと口走ってるんですか！？\n　違うんです、これは私の意志じゃありません！」,,
42017203,27,1,ヴェルサイユ,「あの、私発情してなんか――いますからね？\n　年中、身体の火照りが止まりません！」,,
42017203,28,1,ヴェルサイユ,「ちーがーうー！！」,,
42017203,29,1,ヴィヴィアン,「ダメ、面白すぎてずっと見てたい……！」,,
42017203,30,1,パンクラス,「さすがに可愛そうですわ。\n　ヴェルサイユさん、そのドレスをお脱ぎになって。\n　それはセクシーな言葉ばかり喋ってしまうドレスですのよ」,,
42017203,31,1,ヴェルサイユ,「なんでもっと早く言ってくれなかったんですか！？\n　もう、恥ずかしくてイッちゃいそうです～～～！」,,
42017203,32,1,ヴェルサイユ,「だから違ーう！！」,,
42017203,33,1,,そう叫んで再び試着室にこもるヴェルサイユに、\nパンクラスがそっとフレイムドレスを差し出した。,,
42017203,34,1,パンクラス,「こっちの『フレイムドレス』は、\n　ポカポカ暖かくて、冷え性に効くんですの。\n　悪い効果じゃありませんから、試着して下さい」,,
42017203,35,1,ヴェルサイユ,「それを先に言って下さい……」,,
42017203,36,1,ヴェルサイユ,「ああもう、恥ずかしいったらありません。\n　なんで私はこんな変なモノばかり掴んでしまうんでしょう。\n　でも、もう絶対に間違えません」,,
42017203,37,1,ヴェルサイユ,「あ、あれっ？\n　どうしよう脱げない。\n　着る時はすんなり入ったのに」,,
42017203,38,1,ヴィヴィアン,「ヴェルサイユ、大丈夫？」,,
42017203,39,1,ヴェルサイユ,「背中の結び目が固くて、苦戦してます。\n　でも大丈夫ですので、ちょっと待ってて下さい」,,
42017203,40,1,ヴィヴィアン,「そんなの手伝ってあげるわよ。\n　……ってあれ？　試着室のカーテンが開かないわ。\n　内側でどこかに引っかかってるのかしら」,,
42017203,41,1,ヴェルサイユ,「ちょ、ヴィヴィアンさん、\n　なんか試着室がミシミシいってるんで、\n　そんなにカーテン引っ張らないで下さい！\n　私、いま脱ぎかけで――」,,
42017203,42,1,ヴィヴィアン,「うりゃああああっ！」,,
42017203,43,1,,ヴィヴィアンが思いっきりカーテンを引っ張ると、\n試着室全体が音を立てて崩れ落ちた。\nそして、その中心に呆然と立つヴェルサイユと目が合った。\n脱ぎかけの彼女の上半身ははだけていて、完璧に露わになっている。,,
42017203,44,1,ヴィヴィアン,「ど、どんまいヴェルサイユ」,,
42017203,45,1,ヴェルサイユ,「何でカーテン引っ張っただけで試着室まで破壊するんですか！\n　いったいどんだけ馬鹿力なんですか！？」,,
42017203,46,1,ヴィヴィアン,「いやあ、照れるわね」,,
42017203,47,1,ヴェルサイユ,「褒めてません！\n　もう、車掌さんも見ないで下さい！」,,
42017203,48,1,,胸元を押さえながら叫ぶヴェルサイユに、\nパンクラスが上着をかけてあげた。,,
42017203,49,1,パンクラス,「ヴェルサイユさん、\n　次はわたくしが魔力のこもってないドレスを選びますから、\n　もう一度だけチャレンジしてみませんか？」,,
42017203,50,1,パンクラス,「ほら、この薄紅色を基調としたドレスとかはどうでしょう？\n　可憐でありながら物静かな印象を与える、\n　ヴェルサイユさんにまさにピッタリの品ですわ」,,
42017203,51,1,パンクラス,「それともう１つ、\n　こっちは軽やかな印象を与える薄黄色のドレスですわ」,,
42017203,52,1,ヴェルサイユ,「本当にもう、変な魔力こもってないですか？」,,
42017203,53,1,パンクラス,「ええ、誓って変な魔力はこもってませんわ」,,
42017203,54,1,ヴェルサイユ,「なら、私頑張ります。\n　今度のドレスは……どっちも素敵な色ですね。\n　故郷のお花畑を思い出します」,,
42017203,55,1,,パンクラスのおかげで、\nヴェルサイユの機嫌も直ってくれたようだった。,,
42017203,56,1,ヴェルサイユ,「どうしよう、どっちがいいかなぁ」,,
42017203,57,1,パンクラス,「決めきれないのでしたら、\n　いっそ他の店を見て回るというのも手でしてよ？\n　これだけドレスの専門店がありますから、\n　回っている間に欲しいものが何なのか固まったりすると思いますわ」,,
42017203,58,1,ヴェルサイユ,「いいんですか？\n　では他の店もちょっと覗いてみたいです」,,
42017203,59,1,ヴィヴィアン,「気になった分だけ買えればいいのにね。\n　あー、私ここにあるドレス全部ほしいな～」,,
42017203,60,1,パンクラス,「ふふ、好きなだけお洋服を買うのは乙女の夢ですね。\n　わたくしも考えたことありますわ」,,
42017203,61,1,ヴィヴィアン,「こっからここまで全部！\n　とか、一度は言ってみたいセリフよね。\n　ま、そんなの言ってる人、見たことないけど」,,
42017203,62,1,イズリントン,「こっからここまで全部！」,,
42017203,63,1,ヴィヴィアン＆パンクラス,「えっ？」,,
42017203,64,1,イズリントン,「さて次はこっちの店にしよー。\n　華やかなドレスばかりで素敵じゃん♪\n　えーい試着してる時間がもったいないから、\n　この店も全部頂戴！」,,
42017203,65,1,,なんと、隣の店にイズリントンが現れ、\n景気のいい台詞を発して全部買い占めていたのだった。,,
42017204,1,1,,ヴェルサイユがドレス選びを悩んでいたら、\nイズリントンが売り場に現れた。\n彼女の買い物はそれはもう豪快で、\n店の商品を丸ごと購入していくというものだった。,,
42017204,2,1,,本当にこんな買い方をする人がいるものなんだな……。,,
42017204,3,1,イズリントン,「あれ、みんな揃ってお買い物？」,,
42017204,4,1,,色々仕事があるって言ってたから、\nここで君に会うとは思わなかったぞ、イズリントン。,,
42017204,5,1,イズリントン,「デパートに来たかったから、\n　仕事なら速攻で全部終わらせたよ。\n　後の処理はキングスクロスに任せたし、\n　こっからは思う存分、妹と２人でお買い物♪」,,
42017204,6,1,ヴィヴィアン,「Ｍセントイリスに着いた時には\n　遊ぶ暇なんてないって言ってたのに……。\n　よほどデパートに来たかったのね」,,
42017204,7,1,イズリントン,「だってＭセントイリスのおしゃれがどんなものか、\n　気になるじゃん？」,,
42017204,8,1,,イズリントンはご機嫌で、\nこちらのいた店に入ってきた。\nそして――,,
42017204,9,1,イズリントン,「おっと、セクシーなものから可愛いものまで色々あるじゃんか。\n　Ｍセントイリスのデパートってほんと、\n　客の欲しいものを取り揃えてくれるよね。\n　よし、このお店もドレスぜーんぶ頂戴！」,,
42017204,10,1,ヴィヴィアン,「ちょっと待って、\n　そこのドレス、私たちも買うかもしれないの！」,,
42017204,11,1,イズリントン,「え、そうなの？」,,
42017204,12,1,パンクラス,「はい、ちょっと決めきれなくて悩んでいるところですの」,,
42017204,13,1,ヴィヴィアン,「最高の１着を手に入れるために、\n　私たちは時間をかけて厳選しているのよ」,,
42017204,14,1,イズリントン,「そっか、じゃあこのドレスは、\n　また後で買いに来るかもしれないってことなんだね」,,
42017204,15,1,ヴィヴィアン,「そうそう、たぶん後で買いに――」,,
42017204,16,1,イズリントン,「でも取り置きしてもらってるわけでもないんでしょ？\n　なら早い者勝ち♪」,,
42017204,17,1,,そう言ってニッコリ笑うと、\nイズリントンはさっさと購入を済ませてしまった。,,
42017204,18,1,ヴェルサイユ,「き、気になっていたドレスが……」,,
42017204,19,1,イズリントン,「おしゃれは１秒たりとも待ってはくれない！」,,
42017204,20,1,ヴィヴィアン,「おお、なんか名言っぽい」,,
42017204,21,1,イズリントン,「ふっ、あたしの口から出る言葉はすべて名言になるの。\n　というわけで、これはあたしのもの♪」,,
42017204,22,1,パンクラス,「でもそのドレスのサイズは小さいから、\n　イズリントンさんには入らないと思いますわ」,,
42017204,23,1,イズリントン,「心配いらないよ。\n　よく言うでしょ、おしゃれは我慢って。\n　頑張れば着られるって！」,,
42017204,24,1,ヴィヴィアン,「それ寒い日にミニスカート履いたりする時の言葉だから」,,
42017204,25,1,イズリントン,「もー、とにかくこれはあたしが買ったの。\n　ヴェルサイユ、悪いけど今回はあたしの勝ちってことで」,,
42017204,26,1,ヴェルサイユ,「は、はい……」,,
42017204,27,1,イズリントン,「む、その反応はよろしくないぞ」,,
42017204,28,1,イズリントン,「ヴェルサイユ、あんた今、\n　あたしに遠慮して引き下がったでしょ。\n　エルロンド家で神子だってこと、\n　気にしちゃってるでしょ」,,
42017204,29,1,ヴェルサイユ,「そのようなことは……」,,
42017204,30,1,イズリントン,「確かに普段は職務上、序列に従わなければいけないよね。\n　でも、あたしは別にプライベートにまで序列を持ち出したりはしない。\n　このドレスは純粋に早い者勝ちで取っただけ。\n　だからあんたも遠慮せず、正面からかかってきなさい」,,
42017204,31,1,イズリントン,「おしゃれになりたいんならね♪」,,
42017204,32,1,,イズリントンはヴェルサイユに発破をかけると、\n遠慮なくドレスを購入して去っていったのだった。,,
42017204,33,1,パンクラス,「この階のドレスが根こそぎ買われていってしまいましたわね」,,
42017204,34,1,ヴィヴィアン,「うわ、ほんとだわ。\n　焼け野原みたいになってるじゃない……」,,
42017204,35,1,ヴィヴィアン,「ちょっとヴェルサイユ、なに落ち込んでるのよ。\n　さっきのドレスは残念だったけど、\n　まだまだ他の階にもドレスはたくさんあるわ。\n　次行きましょう、次！」,,
42017204,36,1,ヴェルサイユ,「でもこの先ドレスを買おうとするなら、\n　イズリントン様に挑むことになるんですよ？\n　そんなの、恐れ多くて……」,,
42017204,37,1,パンクラス,「気にしてはいけませんわ。\n　あの方もおっしゃってたじゃありませんの。\n　遠慮せずに正面からかかってこい、と」,,
42017204,38,1,ヴィヴィアン,「そうそう。\n　イズリントンがそう言ったんだから大丈夫よ。\n　それにあの人、こういう対決とか面白そうなこと大好きだから」,,
42017204,39,1,,イズリントンは傍若無人に見えて、\nとてもみんなのことを大切に思ってるいい子だ。\nそんな彼女が買い物勝負で出し抜かれたところで、\n怒るなんてあり得ない。,,
42017204,40,1,,とはいえ、ヴェルサイユはＭセントイリスの鉄道騎士団に所属し、\n厳しい規律の中で生きてきた子だ。\nプライベートとはいえ自分より身分の高い者に挑むなんて、\n簡単に決断はできないのも分かる。,,
42017204,41,1,ヴィヴィアン,「でも気にしてたら、その間にドレス全部買われちゃうわよ。\n　せっかくデパートに来たんだもの、\n　買えずに終わるなんて私はイヤよ」,,
42017204,42,1,パンクラス,「追いかけましょう。\n　そして挑んで勝ち取るのですわ。\n　大丈夫ですこっちは４人、人数的には有利なはずですわ」,,
42017204,43,1,ヴィヴィアン,「確かに、即断すれば私たちが負けるはずがないわ。\n　じゃあみんな、次の階はバラバラに動いて、\n　気になったものは即座に買うってことで」,,
42017204,44,1,ヴィヴィアン,「ヴェルサイユ、ほら気合い入れて。\n　ドレスほしいんでしょう？」,,
42017204,45,1,ヴェルサイユ,「は、はい」,,
42017204,46,1,ヴィヴィアン,「じゃあ遠慮なんてしちゃダメ」,,
42017204,47,1,ヴィヴィアン,「そういうわけで、階段上がった瞬間に散開するわよ。\n　特鉄隊の行軍訓練を思い出して。\n　トレインナイトの実力、見せてやろうじゃないの！」,,
42017204,48,1,,ヴィヴィアンが瞳に炎を宿し、階段を駆け上がっていく。\nパンクラスとヴェルサイユはそれを見て互いに頷き合い、\n後に続くのだった。,,
42017204,49,1,,ーーーー,,
42017204,50,1,イズリントン,「これ頂戴！」,,
42017204,51,1,イズリントン,「これも頂戴！」,,
42017204,52,1,イズリントン,「ぜ～んぶ頂戴！」,,
42017204,53,1,ヴィヴィアン,「買えなかった……！」,,
42017204,54,1,パンクラス,「わたくしもダメでしたわ」,,
42017204,55,1,ヴェルサイユ,「みんなで手分けしたのに、\n　行く先々に必ずイズリントン様がいらっしゃるなんて……」,,
42017204,56,1,イズリントン,「ふっふっふ、今回もあたしの勝ちだね♪」,,
42017204,57,1,,楽しそうな声に振り向くと、\n無数の箱で築かれた山のてっぺんで、\nイズリントンが足を組みながら腰掛け、\nこちらを見下ろしていた。,,
42017204,58,1,,あの箱、全部ドレスか……。,,
42017204,59,1,ヴェルサイユ,「なんという強者の佇まい……。\n　やっぱり私たちが挑むなんて、\n　最初からムリな話だったんです」,,
42017204,60,1,ヴィヴィアン,「諦めちゃダメよヴェルサイユ。\n　私たちはチーム、１人よりも圧倒的に作戦の幅があるわ。\n　婦人服売り場はまだまだ上にたくさんあるわ。\n　次こそ勝つのよ」,,
42017204,61,1,イズリントン,「うむ、その意気やよし。\n　かかってくるがよいぞ」,,
42017204,62,1,イズリントン,「――と言いたいところだけど、\n　あんたたちはもうすでに、あたしの術中なんだよね」,,
42017204,63,1,パンクラス,「そんな、攻撃や罠を受けた様子はありませんでしたわ」,,
42017204,64,1,ヴェルサイユ,「私たち、いったい何をされたんでしょうか……！」,,
42017204,65,1,イズリントン,「ふっふっふ、上のフロアへの階段はどこにあると思うのかね？」,,
42017204,66,1,パンクラス,「階段？　それでしたら、この先にまっすぐ――」,,
42017204,67,1,パンクラス,「いけませんわ、階段はあのドレスの山の向こうです！」,,
42017204,68,1,イズリントン,「そういうこと。\n　では頑張ってこのドレスの箱をかきわけてきたまえ」,,
42017204,69,1,,イズリントンは不敵に笑うと、\n箱の山の反対側へと消えていった。,,
42017204,70,1,ヴィヴィアン,「いや、買ったものは持って行きなさいよ……」,,
42017205,1,1,,突然現れたイズリントンの爆買いに対し、\n次の階こそドレスを手に入れようと意気込んだ３人だったが、\n結果は惨敗だった。,,
42017205,2,1,,そしてさらにはイズリントンの荷物によって、\n階段への道が塞がれてしまった。\n先に進むなら地道に箱をどかすしかない。,,
42017205,3,1,パンクラス,「これでは更にドレスが遠のきますわね」,,
42017205,4,1,ヴィヴィアン,「ああもう、どうしたらいいのよ～！」,,
42017205,5,1,ヴェルサイユ,「…………」,,
42017205,6,1,ヴェルサイユ,「みなさん、道ならたぶんあります。\n　こっちへ来て下さい」,,
42017205,7,1,,頭を抱えるヴィヴィアンとパンクラスに、\nヴェルサイユが静かにそう言った。,,
42017205,8,1,ヴィヴィアン,「わ、何か一瞬浮遊感きたわ」,,
42017205,9,1,パンクラス,「こんな移動手段があっただなんて知りませんでしたわ」,,
42017205,10,1,,口々に感心するヴィヴィアンたち。\n階段への道を塞がれた一同にヴェルサイユが教えてくれたのは、\n上下移動する不思議な箱型の移動手段だった。\n扉は横に開く格子戸で、中には操作のためのレバーがついている。,,
42017205,11,1,ヴェルサイユ,「これは『エレベーター』というそうです。\n　なんでもエレベートさんという方が作ったとか作っていないとか」,,
42017205,12,1,ヴェルサイユ,「私も存在は知っていましたが、\n　乗ったことがなかったので正直なところ不安でした。\n　この様子なら、大丈夫そうですね」,,
42017205,13,1,ヴィヴィアン,「こんな便利な移動手段があったなら、\n　最初から使えばよかったわね。\n　どの階にもあっという間に着けちゃう♪」,,
42017205,14,1,パンクラス,「でもヴェルサイユさん、\n　婦人服売り場は上の階だったはずですけど、\n　どうして地下に行こうとしてるんですの？」,,
42017205,15,1,ヴェルサイユ,「エレベーターがあれば、\n　移動において私たちが有利です。\n　なので、今のうちに特鉄隊のみなさんへのお土産を\n　地下食品売り場で買ってしまいたくて」,,
42017205,16,1,ヴィヴィアン,「普通の市場と同じようなところじゃないの？」,,
42017205,17,1,ヴェルサイユ,「事前に調べたところによりますと、\n　Ｍセントイリス中の有名パティシエたちのお菓子が、\n　集められて販売されているらしいです」,,
42017205,18,1,ヴィヴィアン,「Ｍセントイリス中だなんて、期待が膨らんじゃうわね。\n　私、甘いもの大好きなの♪」,,
42017205,19,1,パンクラス,「わたくしは本格的なパティシエのケーキが欲しいですわ。\n　ケーキもまたエレガントなものが多いですもの」,,
42017205,20,1,ヴェルサイユ,「ドレスを巡ってイズリントン様に挑むのも大事ですが、\n　ここはしばし美味しいものを食べ歩いて、\n　緊張から解放されるのもいいと思うんです」,,
42017205,21,1,ヴィヴィアン＆パンクラス,「賛成（ですわ）！」,,
42017205,22,1,,いつの間にか全力でドレスを巡る争奪戦になっていたが、今日は休日だ。\nみんなで美味しいものを食べ歩いたりして楽しむのも悪くない。,,
42017205,23,1,ヴェルサイユ,「着いたみたいです、みなさん」,,
42017205,24,1,,エレベーターのドアが開き、\n魅惑の地下食品売り場が目の前に広がる。\n客でごった返す中、いちばんの人だかりの中心には――,,
42017205,25,1,パディントン,「はわわ、このマカロンとっても美味しいです！\n　すいません、残りぜーんぶ下さい！！」,,
42017205,26,1,三人,「…………」,,
42017205,27,1,パンクラス,「今、なんか知ってるお顔を拝見した気がしましたわ」,,
42017205,28,1,ヴィヴィアン,「ええ。ビックリして、\n　思わずドアを閉じるボタン押しちゃったわ」,,
42017205,29,1,ヴェルサイユ,「気のせいではありませんか？」,,
42017205,30,1,ヴィヴィアン,「もう一度確認してみましょう」,,
42017205,31,1,パディントン,「ショーケースのケーキ、ここからここまで……\n　いえ、ホールでぜんぶ下さい！！」,,
42017205,32,1,ヴィヴィアン,「気のせいじゃなかった……」,,
42017205,33,1,ヴィヴィアン,「まずい、これは非常にまずいわよ」,,
42017205,34,1,ヴェルサイユ,「あの、パディントンさんがいらっしゃると、\n　そんなに大変なことになるんですか？」,,
42017205,35,1,パンクラス,「パディントンさんは神子だからか、\n　いつだって奇跡を起こすんですの」,,
42017205,36,1,ヴィヴィアン,「主に予想外の方向にね……」,,
42017205,37,1,ヴェルサイユ,「そ、それはちょっと見てみたいような、\n　そうでないような」,,
42017205,38,1,ヴィヴィアン,「パディントンはあのイズリントンの妹よ？\n　悠長なこと言ってると、私たちはここでも敗北するわ」,,
42017205,39,1,パンクラス,「そういえばイズリントンさん、\n　妹と２人で来たっておっしゃってましたわね。\n　あの時気づいていれば……」,,
42017205,40,1,ヴィヴィアン,「過ぎてしまったものはしょうがないわ。\n　こうなったら突撃して、\n　速攻で何かスイーツを買って戻るわよ」,,
42017205,41,1,,ヴィヴィアンの言葉に、\nパンクラスとヴェルサイユが緊張した面持ちで頷く。\nそして再びエレベーターのドアを開いた。,,
42017205,42,1,ヴェルサイユ,「あ、あれ……？\n　さっきまでいたお客さんが誰もいませんね」,,
42017205,43,1,パンクラス,「この短時間の間にいったい何があったんですの……？」,,
42017205,44,1,,地下食品売り場は、\n不気味なくらいの静けさに包まれていた。,,
42017205,45,1,,そして前方には冷気だろうか、\nもやのようなものがかかっていた。\nと、もやの中にシルエットが浮かび上がる。,,
42017205,46,1,パディントン,「買い占め完了です！」,,
42017205,47,1,ヴィヴィアン,「遅かったー！」,,
42017205,48,1,パンクラス,「エレガントなケーキが無くなってしまいましたわ……」,,
42017205,49,1,ヴェルサイユ,「なるほど、これがパディントンさんなんですね……」,,
42017205,50,1,,ヴェルサイユが納得した様子で呟く。,,
42017205,51,1,,いや、まだだ。\nパディントンはそんなこちらの想像を超えてくる。,,
42017205,52,1,パディントン,「あれ、皆さんも来てたんですか？\n　デパート楽しいですよね♪」,,
42017205,53,1,ヴィヴィアン,「一応聞くけど、\n　私たちもスイーツ買いにきたんだけど、\n　もう全部ないのよねパディントン？」,,
42017205,54,1,パディントン,「はわわ、私が全部買ってしまいました！」,,
42017205,55,1,パディントン,「でも安心して下さい、\n　皆さんが欲しかったものなら、\n　ちゃんとお譲りしますよ」,,
42017205,56,1,ヴィヴィアン,「本当に！？\n　ありがとうパディントン！」,,
42017205,57,1,パディントン,「私の後ろに箱が積んでありますから、\n　中を開けて欲しいものを取ってくださ――」,,
42017205,58,1,,その時突然、フロアに地鳴りのようなものが鳴り響いた。,,
42017205,59,1,ヴェルサイユ,「何でしょうか、この振動は」,,
42017205,60,1,パディントン,「はわわ、重みで床に穴が！」,,
42017205,61,1,ヴィヴィアン,「ちょっ、パディントン！？」,,
42017205,62,1,パディントン,「は～～～～わ～～～～わ～～～～！」,,
42017205,63,1,,突然床に開いた穴に、\nパディントンが買った荷物ごと落ちていった。,,
42017205,64,1,ヴィヴィアン,「あの子はほんと、\n　毎回期待を裏切らないわね……」,,
42017205,65,1,パンクラス,「荷物を一箇所にまとめて置かなければ防げましたのに……」,,
42017205,66,1,ヴェルサイユ,「ああ、お土産が……」,,
42017205,67,1,,またしても何も手に入れることが出来ず、\nガックリと肩を落とす３人。,,
42017205,68,1,,果たしてみんなは、\n欲しいものを購入することができるのだろうか……。,,
42017206,1,1,,エルロンド姉妹によって、\nデパートの商品は凄まじい勢いで売り切れていった。\n地下食品売り場と婦人服売り場の半分は、\n売り切れによってフロアが閉鎖されている。,,
42017206,2,1,,まだまだ彼女たちの勢いは止まらない。\nこのままではデパートの閉店時間よりも早く、\n閉館することになるだろう。,,
42017206,3,1,ヴェルサイユ,「やっぱり神子さまに挑むなんてこと自体、\n　おこがましいことだったんですよ」,,
42017206,4,1,,ため息をついて、ジュースをすするヴェルサイユ。\n一同は今、休憩で途中のフロアのカフェにいる。,,
42017206,5,1,ヴィヴィアン,「元気出しなさいよヴェルサイユ。\n　特鉄隊にいるなら、ハプニングなんてつきものよ。\n　これくらい乗り越えていきましょ」,,
42017206,6,1,ヴェルサイユ,「でも、私はやっぱりまだ、おしゃれが分かりません。\n　それならイズリントン様のような、\n　おしゃれが分かる方に買われた方が、\n　ドレスもいいんじゃないかなって思うんです」,,
42017206,7,1,パンクラス,「それは違いますわ、ヴェルサイユさん。\n　おしゃれは誰しもが平等に持ち得るもの。\n　今のあなたは、まだおしゃれを知らないだけですのよ」,,
42017206,8,1,ヴィヴィアン,「うんうん、平等よ。\n　誰がどんな服を着たっていいの」,,
42017206,9,1,パンクラス,「それに仮にドレスが人を選ぶというなら、\n　ドレスに似合う人間になればいいだけのことですのよ」,,
42017206,10,1,ヴェルサイユ,「そんな人間に私がなれるとは到底思えませんが……」,,
42017206,11,1,,ヴェルサイユは自信のない顔でうなだれる。\nおしゃれが分からないなりに頑張ったが、\nここまで成果が得られていないことが原因だろう。,,
42017206,12,1,ヴェルサイユ,「私がおしゃれの感覚を理解していれば、\n　買い物もすぐに済ませられました。\n　こんなに後手に回ることもなかったはずなんです」,,
42017206,13,1,ヴィヴィアン,「…………」,,
42017206,14,1,ヴィヴィアン,「ヴェルサイユ、あなた騎士よね？」,,
42017206,15,1,ヴェルサイユ,「そうですが、それがいったい？」,,
42017206,16,1,ヴィヴィアン,「いいこと教えてあげるわ。\n　おしゃれは乙女にとっての戦いなのよ」,,
42017206,17,1,ヴェルサイユ,「おしゃれは、戦い……？」,,
42017206,18,1,ヴィヴィアン,「そう。いくつもの障害を乗り越え、\n　セール時には相手を打ち負かしたりして、\n　それでおしゃれは手に入るの」,,
42017206,19,1,ヴィヴィアン,「それはまさに戦いと表現する以外ないわ。\n　ヴェルサイユ、騎士が戦いから逃げるというの？」,,
42017206,20,1,ヴェルサイユ,「私は誇り高きＭセントイリス鉄道騎士団の騎士です。\n　戦いから逃げるなど、断じてあり得ません！」,,
42017206,21,1,ヴィヴィアン,「なら、やることは決まってるでしょ？」,,
42017206,22,1,ヴェルサイユ,「ヴィヴィアンさん……」,,
42017206,23,1,ヴェルサイユ,「そっか、これは戦いなんだ。\n　なら私、立ち向かわなくちゃ」,,
42017206,24,1,,ヴェルサイユは拳を握りしめ、自らを奮起させる。,,
42017206,25,1,パンクラス,「あら、とても凜々しい顔つきに変わりましたわね」,,
42017206,26,1,ヴェルサイユ,「ヴィヴィアンさん、パンクラスさん。\n　ご心配おかけしてすみませんでした。\n　私、もう弱音を吐いたりしません」,,
42017206,27,1,ヴェルサイユ,「今思えば、かかってこいとおっしゃられた\n　イズリントン様から逃げる方が失礼でした。\n　それに私が逃げたら、誰が私のおしゃれを守るのか。\n　騎士として恥ずかしい限りです」,,
42017206,28,1,ヴェルサイユ,「私は騎士として今ここに誓います。\n　絶対に自分だけのドレスを見つけ出すと！」,,
42017206,29,1,ヴィヴィアン,「そう、その心意気よ！」,,
42017206,30,1,パンクラス,「なんて素晴らしいおしゃれ宣誓でしょう。\n　わたくし感動しました。\n　この先も絶対のサポートをお約束しますわ」,,
42017206,31,1,ヴェルサイユ,「ありがとうございます。\n　では戦いへと参りましょう！」,,
42017206,32,1,,席を立ったヴェルサイユが、\n腰から剣を抜いて一歩を踏み出す。,,
42017206,33,1,ヴィヴィアン,「抜剣は禁止ね！？」,,
42017206,34,1,ヴェルサイユ,「あ、すみません。\n　戦場にいる気になってしまって、つい」,,
42017206,35,1,ヴィヴィアン,「何だか段々と、\n　ヴェルサイユのことが理解できてきた気がするわ」,,
42017206,36,1,パンクラス,「でも抜剣は禁止ですけど、\n　そろそろ買い物を再開した方がいいのは確かじゃありません？」,,
42017206,37,1,ヴィヴィアン,「そのことなんだけどね、\n　私にちょっと作戦があるのよ」,,
42017206,38,1,,テーブルに座ったまま、\nヴィヴィアンがさっと手を挙げる。\nすると――,,
42017206,39,1,プトラ,「お呼びでしょうか、お嬢さま」,,
42017206,40,1,,瞬時に現れたプトラが、\nヴィヴィアンの脇で膝を立ててかしづくのだった。,,
42017207,1,1,,おしゃれに疎く、自信が持てなかったヴェルサイユが、\nヴィヴィアンとパンクラスによってついに奮い立った。,,
42017207,2,1,,そこでさらにヴィヴィアンが作戦があると言って、\nなんとプトラを呼び出したのだった。,,
42017207,3,1,ヴィヴィアン,「約束通りちゃんとそばに待機していたようね。\n　偉い偉い♪」,,
42017207,4,1,プトラ,「それで何の用件なの？」,,
42017207,5,1,プトラ,「じゃなかった、何の用件でしょうかヴィヴィアン」,,
42017207,6,1,ヴィヴィアン,「は？　呼び捨て？」,,
42017207,7,1,プトラ,「ぐ……ヴィヴィアン、さま」,,
42017207,8,1,ヴィヴィアン,「よろしい♪」,,
42017207,9,1,,プトラは完全にヴィヴィアンのしもべといった様子だった。\nいったい何があったというのだろうか……。,,
42017207,10,1,ヴィヴィアン,「今このデパートはイズリントンとパディントンによって、\n　根こそぎ買い占められようとしているのは知ってるわね？」,,
42017207,11,1,プトラ,「うん。あの買い物の仕方する人がいるとは思わなくて、\n　めっちゃビビった」,,
42017207,12,1,ヴィヴィアン,「このままじゃ私たちの買い物がままならないわ。\n　だからプトラ、あなたは別働隊として動いてほしいの」,,
42017207,13,1,プトラ,「えー、１人で行かなきゃいけないの？\n　それじゃつまんないじゃん」,,
42017207,14,1,ヴィヴィアン,「『負けた方は１日、執事の口調で何でも言うことを聞く』、\n　自分からそんな条件出して、\n　カードゲーム勝負を挑んできたのは誰だったかしら？」,,
42017207,15,1,プトラ,「ぎくっ！」,,
42017207,16,1,ヴィヴィアン,「しかもカードにイカサマしておきながら、\n　私に見抜かれて負けたのは誰かしらねー？」,,
42017207,17,1,プトラ,「ぎくぎくっ！」,,
42017207,18,1,ヴィヴィアン,「行ってきてくれるわよね？」,,
42017207,19,1,プトラ,「へいへい、分かりましたよー」,,
42017207,20,1,ヴィヴィアン,「口のきき方がなってないようだけど」,,
42017207,21,1,プトラ,「ぎょ……御意」,,
42017207,22,1,ヴィヴィアン,「よろしい♪」,,
42017207,23,1,,それは執事の口調ではないと思うのだが……。\nまったく、本当に２人は仲がいいものである。,,
42017207,24,1,ヴィヴィアン,「じゃあヴェルサイユ、\n　買ってきてほしいドレスがどんなものか伝えて」,,
42017207,25,1,ヴェルサイユ,「は、はい！\n　プトラさん、ありがとうございます」,,
42017207,26,1,プトラ,「どういたしまして。\n　面白そうだからいいよ♪」,,
42017207,27,1,,ヴェルサイユがドレスの内容を身振り手振りで頑張って伝える。\nどうやら最初にパンクラスに勧められたドレスに近いものを、\n今でも欲しいと思っているようだ。,,
42017207,28,1,ヴィヴィアン,「じゃあひとまず私の財布を渡しておくわ。\n　これでドレス買ってきてちょうだい。\n　それと可愛いアクセサリーとかあったら買ってきて。\n　ちゃんと後でお礼はするから」,,
42017207,29,1,プトラ,「かしこまりましたヴィヴィアンさま。\n　お礼はアイスでよろしく」,,
42017207,30,1,ヴィヴィアン,「口調ブレブレね、まったく」,,
42017207,31,1,パンクラス,「ではわたくしたちは今のうちに、\n　プトラさんとは別の階のドレスを見に行きましょう」,,
42017207,32,1,ヴェルサイユ,「戦術を巡らせてるみたいで楽しいですね♪」,,
42017207,33,1,ヴィヴィアン,「ふふ、ここからは私たちの反撃のターンよ」,,
42017207,34,1,プトラ,「買ってきたよー！」,,
42017207,35,1,ヴィヴィアン,「速っ！」,,
42017207,36,1,ヴィヴィアン,「すごいじゃないプトラ。\n　こんな短時間で任務を遂行するなんて……って、何よこれ？」,,
42017207,37,1,プトラ,「着せ替え人形だよ？\n　ほら、ドレス見て。\n　ちゃんと言われたとおりのデザインだよ！」,,
42017207,38,1,ヴィヴィアン,「プトラ……私たちがまさか、\n　着せ替え人形で遊ぶとでも思ってる？」,,
42017207,39,1,プトラ,「婦人服売り場がほとんど壊滅状態だったんだよ。\n　でも行ったからには何かしら買って帰りたいじゃん？」,,
42017207,40,1,ヴィヴィアン,「そういう時は何も買わなくていいの！」,,
42017207,41,1,プトラ,「あ、でもアクセサリーはちゃんと買ってきた。\n　見てよ、このリアルなバナナイヤリング」,,
42017207,42,1,ヴィヴィアン,「プトラ、あんた私のこと何だと思ってるの」,,
42017207,43,1,プトラ,「それはもちろんゴリ……」,,
42017207,44,1,ヴィヴィアン,「は？　もっかい言ってみて？」,,
42017207,45,1,プトラ,「ゴリ……ジャスな方だと思っています」,,
42017207,46,1,ヴィヴィアン,「フォローできてないっての！\n　はぁ、プトラに頼んだ私のミスだったわ……。\n　無駄遣いばっかりして」,,
42017207,47,1,プトラ,「ふっふっふ、\n　ヴィヴィアンのことだからそう言うと思って、\n　実はちゃんと買ってきてあるんだよ」,,
42017207,48,1,プトラ,「財布の中身ほとんど使って買った高級面白貯金箱！\n　これで無駄遣いを減らそう！」,,
42017207,49,1,ヴィヴィアン,「有り金使い切って貯金箱買うとか、\n　無駄遣いの極みじゃない！」,,
42017207,50,1,ヴィヴィアン,「あああ、私の今月のおこづかいが……」,,
42017207,51,1,プトラ,「一から貯めればいいのです、\n　ヴィヴィアンさま♪」,,
42017207,52,1,ヴィヴィアン,「プ～ト～ラ～っ！」,,
42017207,53,1,プトラ,「ちょっ、魔力込めた拳はナシ！\n　悪かったって～！」,,
42017207,54,1,,逃げるプトラを追いかけ、\nヴィヴィアンがカフェを出ていった。,,
42017207,55,1,パンクラス,「作戦は失敗だったようですわね」,,
42017207,56,1,ヴェルサイユ,「とても無駄な時間を過ごした気がします」,,
42017207,57,1,,残されたパンクラスとヴェルサイユが、\n感情のない目でそれぞれ呟いたのだった。,,
42017208,1,1,,ドレス入手のためにプトラに別働隊として動いてもらう作戦は、\n見事に失敗に終わった。\nしかもその間にイズリントンはさらに買い物を進めていたようで、\n見事にすべてのフロアの婦人服店が閉店となってしまった。,,
42017208,2,1,,ヴェルサイユたちは窮地に立たされていた。\nもう店に入って選んで買うという行為は出来ない。,,
42017208,3,1,パンクラス,「もう、これに賭けるしかありませんわ」,,
42017208,4,1,,催事場フロアに足を踏み入れた３人が、\n目の前の光景に拳を握りしめる。,,
42017208,5,1,神速のマダム,「それは頂くザマス！」,,
42017208,6,1,剛力のマダム,「割り込ませませんザーマス！」,,
42017208,7,1,パンクラス,「高級婦人服のワゴンセール。\n　『美女と魔獣セール』の目玉イベントだそうですわ」,,
42017208,8,1,ヴィヴィアン,「高級ドレスが安値で買えるとあって、\n　Ｍセントイリスのマダムたちが修羅と化してるわね」,,
42017208,9,1,ヴェルサイユ,「あの中に飛び込むんですね。\n　まさに『おしゃれは戦い』といった雰囲気です」,,
42017208,10,1,パンクラス,「いいですこと？　婦人服売り場が閉店した今、\n　わたくしたちは絶対にここでドレスを手に入れなければなりませんわ」,,
42017208,11,1,パンクラス,「だから今から突撃しますけど、\n　どうやらこのワゴンセールにはルールがあるみたいですの」,,
42017208,12,1,ヴェルサイユ,「斬り込んで蹴散らせばいいってわけでもないのですね」,,
42017208,13,1,パンクラス,「はい。事は単純ではありませんわ。\n　『手に取ったものは絶対に買わなければいけない』らしいんですの」,,
42017208,14,1,ヴィヴィアン,「なるほどね。\n　百戦錬磨のマダムたちとの戦いを制する強さに加えて、\n　必要なモノを瞬時に見極める審美眼も求められるわけね」,,
42017208,15,1,パンクラス,「そういうわけで、\n　まずはわたくしから参りますわ。\n　エレガントなドレスを見極めるのには自信がありますもの」,,
42017208,16,1,ヴェルサイユ,「頑張って下さい、パンクラスさん！」,,
42017208,17,1,パンクラス,「期待していて下さい。\n　きっとヴェルサイユさんが喜ぶようなドレスを手に入れてきますわ」,,
42017208,18,1,パンクラス,「では行って参ります！」,,
42017208,19,1,,パンクラスがマダムたちがひしめくワゴンへと突撃する。,,
42017208,20,1,パンクラス,「さすがＭセントイリスのご婦人方、\n　エレガントなまでの強さでございますわ……！\n　ですが、婦人服店の娘として生きてきたわたくしです、\n　ご婦人方がどう動かれるかは把握してましてよ！」,,
42017208,21,1,神速のマダム,「あら、可愛らしいお嬢ちゃん。\n　ワゴンの淵まで辿りつけたことは褒めてあげるザマス」,,
42017208,22,1,剛力のマダム,「でもまだまだザーマス。\n　これをあげるからお帰りザーマス」,,
42017208,23,1,パンクラス,「なっ、素早い……！」,,
42017208,24,1,パンクラス,「でもそのドレスを掴めば――\n　ちょっ、担がないで下さいまし～～～！」,,
42017208,25,1,,マダムたちの物言わぬ連携によって\n人だかりの後ろへと運ばれたパンクラスが、\nこちらの目の前に転がり落ちてきた。,,
42017208,26,1,ヴィヴィアン,「お、おかえりパンクラス。\n　それで何を掴まされたの？」,,
42017208,27,1,ヴェルサイユ,「これは……靴下ですね」,,
42017208,28,1,ヴィヴィアン,「うわ、しかも男モノじゃない。\n　ハズレ商品まであるのね」,,
42017208,29,1,パンクラス,「エレガントなドレスは見えてましたのに……！」,,
42017208,30,1,ヴィヴィアン,「じゃあ次は私が行くわ。\n　パンクラス、あなたの仇取ってきてあげる」,,
42017208,31,1,パンクラス,「お気をつけ下さい。\n　あのご婦人方、只者ではございませんわ。\n　手薄なところを見つけて隙を突いた方がいいでしてよ」,,
42017208,32,1,ヴィヴィアン,「大丈夫、正面から正々堂々と突破してみせるわ。\n　私、イノシシの群れを蹴散らしたことだってあるんだから」,,
42017208,33,1,ヴェルサイユ,「試着室、破壊したくらいですもんね」,,
42017208,34,1,ヴィヴィアン,「わ、悪かったってば。\n　とにかく任せといて」,,
42017208,35,1,ヴィヴィアン,「じゃあ軽くドレスをゲットしてくるわ。\n　うりゃーーーーっ！」,,
42017208,36,1,,今度はヴィヴィアンが、\nマダムたちがひしめくワゴンへと突撃する。,,
42017208,37,1,ヴィヴィアン,「なるほど、パンクラスの言うとおり、\n　Ｍセントイリスのマダムたちは強いわね……！\n　でも私のフィジカルの強さを舐めてもらっては困るわ。\n　このくらい、全部押しのけてみせるっ！」,,
42017208,38,1,剛力のマダム,「あら、やんちゃなお嬢ちゃんだね。\n　私の若い頃にそっくりザーマス」,,
42017208,39,1,神速のマダム,「それだけ足腰が強いあんたは、\n　これを持っていくといいザマス」,,
42017208,40,1,ヴィヴィアン,「ビクともしないですって……！？\n　やだ、ちょっと待って、私もワゴンで選びたいの～！」,,
42017208,41,1,,マダムたちの圧倒的なディフェンスによって、\nヴィヴィアンもまた外に押し出されてきた。,,
42017208,42,1,パンクラス,「大丈夫ですかヴィヴィアンさん。\n　それで、いったい何を掴まされて……」\n,,
42017208,43,1,ヴェルサイユ,「これは高級な布……いや雑巾ですね」,,
42017208,44,1,パンクラス,「足腰強いならこれで床でも拭きなさいという、\n　マダムの熱いメッセージですわね」,,
42017208,45,1,ヴィヴィアン,「なんで高いお金出して雑巾買わなきゃいけないのよ！？\n　もうやだぁ～」,,
42017208,46,1,ヴェルサイユ,「ならば最後は私が参ります！」,,
42017208,47,1,ヴィヴィアン,「ヴェルサイユ……！」,,
42017208,48,1,ヴェルサイユ,「お２人にずっと助けてもらってきたんです。\n　そろそろ私も自分の力でおしゃれを勝ち取ってきます」,,
42017208,49,1,パンクラス,「でもあのマダムたち、\n　一筋縄ではいきませんでしてよ」,,
42017208,50,1,ヴェルサイユ,「大丈夫です。\n　お２人が先に戦ってくれたおかげで、\n　ワゴンへのルートが見えましたから」,,
42017208,51,1,,ヴェルサイユが自信に満ちた表情でワゴンを見据える。\nこれまでの彼女からしたら考えられない成長ぶりだ。,,
42017208,52,1,ヴェルサイユ,「では、勝利を掴んできます！」,,
42017208,53,1,,ヴェルサイユもまた同じルートで、\nマダムたちがひしめくワゴンへと突撃する。,,
42017208,54,1,ヴェルサイユ,「みなさん、失礼いたします」,,
42017208,55,1,剛力のマダム,「おっと、これまた小さくて可愛らしい子がきたもんだね。\n　でも容赦はしないザーマスよ」,,
42017208,56,1,神速のマダム,「くくく、あんたも最初の子と同じ運命を辿ってもら……\n　馬鹿な！　この私の目の前から消えたザマス！」,,
42017208,57,1,剛力のマダム,「下ザーマス！\n　この子、私らの足の間をすり抜けていってるザーマス！」,,
42017208,58,1,ヴェルサイユ,「小さいからこそ、\n　辿りつける景色もあるんです！」,,
42017208,59,1,,マダムたちが気づいた時には、\nヴェルサイユはもうワゴンへと辿り着いていた。\nそしてついに――,,
42017208,60,1,ヴェルサイユ,「ドレス、手に入れました！」,,
42017208,61,1,,ワゴンの上に飛び上がりながら、\nヴェルサイユがドレスをその手に掴んだのだった。,,
42017208,62,1,ヴィヴィアン,「やるじゃないヴェルサイユ！」,,
42017208,63,1,パンクラス,「どんなドレスを手に入れたんですの？」,,
42017208,64,1,,戻ってきたヴェルサイユに、\nヴィヴィアンとパンクラスは瞳をキラキラさせて駆け寄る。,,
42017208,65,1,ヴェルサイユ,「これです！\n　どうですか、私が手に入れたドレス！」,,
42017208,66,1,パンクラス,「これは……」,,
42017208,67,1,ヴィヴィアン,「エプロンドレス、ね」,,
42017208,68,1,,ヴェルサイユが手に入れたものはドレスではあるが、\n残念なことにメイドが着るようなものだった。\n高級で美しいデザインではあるものの、\n舞踏会に着ていけるドレスではなかった。,,
42017208,69,1,ヴェルサイユ,「そんな、頑張って手に入れたのに……！」,,
42017208,70,1,,ガックリと肩を落とすヴェルサイユ。\nそうこうしているうちに、ワゴンセールは終了してしまった。,,
42017208,71,1,ヴィヴィアン,「終わった……」,,
42017208,72,1,パンクラス,「これでもう、わたくしたちに残された手は……」,,
42017208,73,1,,切ない幕引きに、言葉を失うヴィヴィアンたち。,,
42017208,74,1,,と、そこにプトラが息を切らしながらやって来た。,,
42017208,75,1,プトラ,「まだ諦めるのは早いよ！」,,
42017208,76,1,ヴェルサイユ,「プトラさん……？」,,
42017208,77,1,プトラ,「あったんだよ！\n　イズリントンも見つけていない婦人服売り場が！」,,
42017208,78,1,,その言葉に、ヴェルサイユの瞳に希望の火が灯る。,,
42017208,79,1,ヴェルサイユ,「案内して頂けますか、プトラさん」,,
42017209,1,1,,最後の望みをかけて挑んだワゴンセールでも失敗し、\n完全にドレスを手に入れる望みが絶たれたと思ったその時、\nプトラからまだドレスを売っている場所を見つけた、\nという報告が入った。,,
42017209,2,1,,ヴェルサイユは消えかけていた情熱を取り戻し、\n一縷の望みをかけてその場所へと向かった。,,
42017209,3,1,プトラ,「ここが隠しフロアだよ」,,
42017209,4,1,,プトラがボタンを押すと、\n壁がスライドして新たなフロアが出現した。,,
42017209,5,1,ヴィヴィアン,「何なのよ、隠しフロアって」,,
42017209,6,1,パンクラス,「発見した者だけが恩恵を得ることができるのでしょう。\n　デパートというのは遊び心のある場所ですのね」,,
42017209,7,1,ヴェルサイユ,「これでドレスを手に入れるチャンスが生まれました。\n　プトラさん、ありがとうございます！」,,
42017209,8,1,プトラ,「いーっていーって。じゃああたし、\n　パディントンと一緒に穴からお菓子取り出す作業行ってくるね。\n　半分くれるって話なんだ♪」,,
42017209,9,1,,案内を終えたプトラが去っていったのを見届けて、\nヴェルサイユたちは隠しフロアへと足を踏み入れた。,,
42017209,10,1,ヴィヴィアン,「隠されていただけあって、誰もいなくて静かね」,,
42017209,11,1,パンクラス,「見て下さい、ここはドレスを仕立ててもらえる場所のようですわ」,,
42017209,12,1,ヴェルサイユ,「本当です……！\n　これなら今度こそ私も手に入れることができます」,,
42017209,13,1,支配人,「おや、このフロアを自力で見つけるお客さまがいらっしゃるとは、\n　いったい何十年ぶりでしょう」,,
42017209,14,1,ヴェルサイユ,「あなたは……？」,,
42017209,15,1,支配人,「申し遅れました。\n　私、当デパートの支配人でございます。\n　このフロアを見つけられたということは、\n　お客さま方はおしゃれを渇望してらっしゃるのですね」,,
42017209,16,1,ヴィヴィアン,「そう！　私たち、おしゃれを渇望してるわ！」,,
42017209,17,1,パンクラス,「実は色々あって、\n　今日は全然買えませんでしたの。\n　だからここでドレスを仕立てて頂けません？」,,
42017209,18,1,支配人,「なるほど、そういうことでしたか。\n　もちろん仕立てさせて頂きます――と言いたいところなのですが、\n　実はここはＶＩＰフロアでございまして。\n　プラチナ会員様以外にはご案内できないのですよ」,,
42017209,19,1,,プラチナ会員というのがどれほどのものかは分からないが、\n少なくとも今日初めてこのデパートを訪れたこちらが、\nその資格を有していないことだけは確かだ。,,
42017209,20,1,ヴィヴィアン,「そんな、せっかくここまで来たのに！」,,
42017209,21,1,パンクラス,「どうにかなりませんの？\n　隠されているのを見つけたくらい、\n　おしゃれを渇望してるんですのよ？」,,
42017209,22,1,,パンクラスが交渉するが、\n支配人は申し訳なさそうに首を横に振る。,,
42017209,23,1,,これは諦めるしかないか――と思ったその時、\nヴェルサイユが支配人の前へと詰め寄った。,,
42017209,24,1,ヴェルサイユ,「お願いします！\n　私、どうしてもドレスが欲しいんです！」,,
42017209,25,1,ヴェルサイユ,「私、おしゃれに疎くて、\n　今日も途中までは私に似合うドレスなんてないって思ってました」,,
42017209,26,1,ヴェルサイユ,「でも、ヴィヴィアンさんとパンクラスさんが、\n　そんなことはないって言い続けてくれて……\n　それでおしゃれに目覚めることができました。\n　お願いです、今日ドレスを勝ち取りたいんです！」,,
42017209,27,1,,ヴェルサイユは必死に訴えを続けた。\n支配人は、美しいのに美を知らない、\nまるで宝石の原石みたいな彼女に未来の輝きを見たのかもしれない。,,
42017209,28,1,支配人,「分かりました。\n　では屋上で行っている『美女と魔獣ショー』に出てくれたら、\n　あなたにドレスを仕立てて差し上げましょう」,,
42017209,29,1,ヴェルサイユ,「分かりました。\n　何をすればいいのかは不明ですが、\n　ドレスを手に入れるためなら何でもします！」,,
42017209,30,1,,もちろん、ヴェルサイユはその話に飛びついたのだった。,,
42017209,31,1,魔獣エレガンス,「ぐるるるる……」,,
42017209,32,1,ヴィヴィアン,「ねえ、『美女と魔獣ショー』って、\n　ちょっと怖い動物と一緒にパフォーマンスをするショーじゃないの？」,,
42017209,33,1,パンクラス,「これはどう見ても、本物の魔獣ですわね」,,
42017209,34,1,,屋上に着くなり案内された舞台の上。\nそこに立った３人は、目の前の魔獣に唖然とした表情を浮かべる。,,
42017209,35,1,,どうして魔獣なんているのか舞台袖のスタッフに尋ねると、\n獣かと思って用意したら、何故か魔獣が来てしまったとのことだった。\nそのせいでショーに出演予定のモデルも逃げ出してしまい、\n困っていたところなのだという。,,
42017209,36,1,ヴィヴィアン,「いや、そこは中止しなさいよ。\n　なんで決行しようとしてるの、\n　商魂たくましいにも程があるでしょ」,,
42017209,37,1,パンクラス,「あの支配人さん、\n　好々爺って顔しながらとんだ食わせ物でしたわね」,,
42017209,38,1,ヴェルサイユ,「でも、このショーを終わらせれば、\n　ついにドレスを手に入れることができます。\n　お２人とも、手伝って頂けますか？」,,
42017209,39,1,パンクラス,「当たり前でございますわ。\n　ここまできたらヴェルサイユさんがドレスを着るところ、\n　絶対に見せて頂くつもりでしてよ」,,
42017209,40,1,ヴィヴィアン,「私も！　早いところ終わらせて、\n　一緒にドレス仕立ててもらいましょ♪」,,
42017209,41,1,ヴェルサイユ,「ありがとうございます。\n　それでは力を合わせて、このショーを乗り切りましょう」,,
42017209,42,1,,スタッフに詰め寄り、\n魔獣を倒していいという言質を取った。\n存分に暴れてくれていいぞ。,,
42017209,43,1,ヴェルサイユ,「さすが車掌さん、ありがとうございます。\n　それは私の最も得意とするところです！」,,
42017209,44,1,,ヴェルサイユが腰を落とし、抜剣する。,,
42017209,45,1,魔獣エレガンス,「ぐがぁぁぁあっ！」,,
42017209,46,1,ヴェルサイユ,「では、ショーの開始です！」,,
42017210,1,1,,デパートの屋上で行われた『美女と魔獣』のショーは、\n魔獣との迫力ある戦いを間近で見られたこともあって、\n観客の声援が飛び交うほどの盛り上がりだった。,,
42017210,2,1,,そんな中、\nついにヴェルサイユが完璧なタイミングで魔獣の懐に入り、\nとどめの一撃を放つべく剣を構えた。,,
42017210,3,1,ヴェルサイユ,「さあ、もうお眠りなさい！」,,
42017210,4,1,魔獣エレガンス,「ぐるる……」,,
42017210,5,1,,誰の目にも映らないほどの高速の剣技が魔獣を斬り伏せた。\n観客たちは何が起こったか分からず、一瞬静まりかえり――\nややあって、大歓声が沸き起こったのだった。,,
42017210,6,1,ヴィヴィアン,「やったじゃない、ヴェルサイユ！」,,
42017210,7,1,パンクラス,「最後の技、とってもエレガントでしたわ。\n　まさに『美女と魔獣』のキャッチフレーズを体現してましてよ」,,
42017210,8,1,ヴェルサイユ,「そ、そんなに褒められると照れちゃいます」,,
42017210,9,1,,『魔獣を従えるほどにカッコよく美しく――』,,
42017210,10,1,,ポスターには確か、そう書いてあった。\n確かに今のヴェルサイユは誰よりもカッコよく、そして美しかった。,,
42017210,11,1,ヴェルサイユ,「さて、これでショーは終わりですね。\n　ようやくドレスが手に入ります」,,
42017210,12,1,,と、ヴェルサイユが舞台から降りたその時、\n屋上に館内放送が響き渡った。,,
42017210,13,1,,――まもなく閉店のお時間です。,,
42017210,14,1,ヴェルサイユ,「そんな……！」,,
42017210,15,1,ヴィヴィアン,「あー閉店時間なのね。\n　仕方ないわ、また明日来るしかなさそうね」,,
42017210,16,1,パンクラス,「どうされたんですの、ヴェルサイユさん？」,,
42017210,17,1,ヴェルサイユ,「私、明日からまた任務でして、\n　Ｍセントイリスを離れなければならないんです」,,
42017210,18,1,ヴィヴィアン,「それじゃあ、\n　もう仕立ててもらうタイミングがどこにもないじゃない！」,,
42017210,19,1,ヴェルサイユ,「……仕方ありません。\n　私が魔獣をもっと早く倒せなかったのが悪いんです。\n　おしゃれも剣の腕も、まだ未熟だっただけのことです」,,
42017210,20,1,パンクラス,「ヴェルサイユさん……」,,
42017210,21,1,ヴィヴィアン,「こんな幕引き、私は認めないわ」,,
42017210,22,1,ヴェルサイユ,「でも、もうどうすることもできません。\n　私、ドレスのことは諦めます。\n　おふたりとも、今日はありがとうございました」,,
42017210,23,1,,泣きそうな顔をこらえて、ヴェルサイユが笑顔を見せる。\nその時、何かの紙束を持ってイズリントンが現れた。,,
42017210,24,1,イズリントン,「お、いたいた。\n　みんなー、いいものあげるよ」,,
42017210,25,1,,状況を知らないイズリントンが、\nご機嫌な様子でヴェルサイユに紙束を渡す。,,
42017210,26,1,ヴェルサイユ,「これは……福引き券ですか？」,,
42017210,27,1,イズリントン,「ちっちっち。\n　そこらの福引き券と一緒にしてもらっちゃ困るね。\n　これは『エレガントな福引き券』なのだよ」,,
42017210,28,1,ヴィヴィアン,「普通のと何が違うのよ」,,
42017210,29,1,イズリントン,「もちろん、普通ではあり得ないくらいに、\n　エレガントな景品が盛りだくさんなんだろうね。\n　ほら、福引き会場ならそこにあるから見てみれば？」,,
42017210,30,1,,イズリントンがみんなの後ろにあった福引き会場を指し示す。,,
42017210,31,1,パンクラス,「あら、おパンツにアクセサリー、\n　それに婦人服まで、エレガントな景品だらけですわ」,,
42017210,32,1,ヴィヴィアン,「見て、１等の景品ドレスよ！！」,,
42017210,33,1,ヴェルサイユ,「ほ、ほんとです。\n　しかも私が気になっていた、薄紅色のドレスです！」,,
42017210,34,1,イズリントン,「へー、よかったじゃん。\n　当たるといいね」,,
42017210,35,1,ヴェルサイユ,「エレガントな福引き券、本当に頂けるんですか？」,,
42017210,36,1,イズリントン,「うん。わたしは満足する買い物をさせてもらったからね。\n　これはあたしに臆さず挑んでくれたライバルたちへの餞別であーる」,,
42017210,37,1,ヴィヴィアン,「よかったじゃない、ヴェルサイユ！\n　これだけ大量にあれば、絶対に当たるわよ」,,
42017210,38,1,パンクラス,「ここまでわたくしたちがついてなかったのも、\n　きっと今の瞬間のためだったんですわ」,,
42017210,39,1,ヴェルサイユ,「ありがとうございます、イズリントン様」,,
42017210,40,1,イズリントン,「ほら、閉店時間迫ってるんだから、\n　早くやっちゃいな？」,,
42017210,41,1,ヴェルサイユ,「はい……！」,,
42017210,42,1,,最後の最後にもたらされたチャンスに感謝の涙を流しながら、\nヴェルサイユは福引き会場へと駆けていったのだった。,,
42017210,43,1,,ーーーー,,
42017210,44,1,,大量のエレガントな福引き券も、残すところあと１枚となった。\n現在までに獲得した景品は、すべて２等以下。\n百枚を超える券をもってしても、いまだに１等は出てくれない。,,
42017210,45,1,ヴィヴィアン,「そんなのってないわ。\n　ヴェルサイユ、ここまで頑張ったのよ……！」,,
42017210,46,1,パンクラス,「わたくし、最後の結果を見るのが怖いですわ」,,
42017210,47,1,イズリントン,「２人とも、何を諦めかけてるの。\n　奇跡ってのは最後に起こるものでしょ」,,
42017210,48,1,ヴィヴィアン,「そうかもしれないけど、\n　こんなに回して出ないなんて……」,,
42017210,49,1,イズリントン,「ヴェルサイユを見なさい。\n　あの子は一切『外れたらどうしよう』なんて考えてない」,,
42017210,50,1,ヴィヴィアン,「本当だわ。\n　不安な顔をしていない」,,
42017210,51,1,パンクラス,「とても落ち着いていますわね」,,
42017210,52,1,ヴェルサイユ,「最後の１枚です。\n　よろしくお願いします」,,
42017210,53,1,,ひどく穏やかな表情で、\nヴェルサイユが福引きを回し始める。,,
42017210,54,1,,当てようという気持ちよりも、\nみんなと一緒に頑張って辿り着いたこの状況にただ感謝している、\nそんな風に見える。,,
42017210,55,1,,果たしてエレガントな福引きの、最後の結果は――,,
42017210,56,1,ヴェルサイユ,「あれっ？\n　なんでしょう、この色の玉は」,,
42017210,57,1,,――おめでとうございます、特等です！！,,
42017210,58,1,ヴェルサイユ,「特等……？」,,
42017210,59,1,ヴィヴィアン,「やったじゃないヴェルサイユ！\n　あなた、ついに手に入れたのよ！」,,
42017210,60,1,パンクラス,「ヴェルサイユさん、ついに……」,,
42017210,61,1,パンクラス,「あら？\n　ドレスは１等だったはずじゃありませんの？」,,
42017210,62,1,,その言葉に、\nみんなして景品の飾られた棚に注目する。,,
42017210,63,1,,１等が欲しかったドレスで、\n特等は――,,
42017210,64,1,ヴェルサイユ,「Ｍセントイリス騎士団の制服の、レプリカ？」,,
42017210,65,1,ヴィヴィアン,「それって、\n　ヴェルサイユが普段着てる服をもらうようなものよね」,,
42017210,66,1,パンクラス,「ある意味ドレスよりも貴重なのは分かりますが、\n　でもよりにもよって……」,,
42017210,67,1,ヴェルサイユ,「ふふ」,,
42017210,68,1,,困惑の声を上げる２人をよそに、\nヴェルサイユはひとり、笑みをこぼす。,,
42017210,69,1,ヴェルサイユ,「そうですね、これは特等に違いありません」,,
42017210,70,1,ヴェルサイユ,「だってこの制服は騎士の誇りが詰まった、\n　最高にカッコよくてエレガントな服です」,,
42017210,71,1,ヴェルサイユ,「だから、これでいいのです。\n　ドレスは手に入りませんでしたが、\n　この制服こそが私にとってのおしゃれなんです」,,
42017210,72,1,,レプリカの制服を抱きしめて、\nヴェルサイユが嬉しそうに微笑む。,,
42017210,73,1,ヴィヴィアン,「そっか。\n　自分なりのおしゃれ、見つけられたのね」,,
42017210,74,1,パンクラス,「まさに騎士の鑑です。\n　とってもエレガントでしてよ」,,
42017210,75,1,,デパートの閉館放送が流れ出す。\n帰路に就く客たちの流れに混ざって、\nこちらもみんな歩き始める。,,
42017210,76,1,,と、先頭を進んでいたヴェルサイユが立ち止まり、\nみんなに振り返った。,,
42017210,77,1,ヴェルサイユ,「ありがとうございます、みなさん。\n　今日は１日、とても楽しかったです」,,
42017210,78,1,ヴェルサイユ,「よかったら、\n　またデパートにお付き合い下さいね」,,
