StoryID,GroupOrder,ViewOrder,NameJP,PhraseJP,NameEN,PhraseEN
13520101,1,1,ヴィヴィアン,「やーんっ♪　この帽子もいい感じー♪\n　どうしようかなー？　さっき買った服に合うかなー？」,,
13520101,2,1,,ここは深緑と魔法の国――ヴェルフォレット。\n弓を片手に森を駆けるレンジャーと魔法使いが共存する国である。,,
13520101,3,1,,ヴェルフォレットにはオシャレな子が多い。\n……という話をヴィヴィアンから聞いたことがある。\n魔法使いが多いことから、医薬品以外にも化粧品や香水の製造が盛んであり、\n健康と美容の両方に気をつかう女性が多いのだとか。,,
13520101,4,1,ヴィヴィアン,「あっ、すみませーん。\n　この帽子なんですけど、\n　エルフにも合いそうなサイズありますか？」,,
13520101,5,1,,エルフ特有の大きな耳を指で弾き、\n店員の女性に微笑みかけるヴィヴィアン。\n店の商品を次々と手に取り、ああでもないこうでもないと、\n先ほどから何度も試着をくり返している。,,
13520101,6,1,,ヴィヴィアンはヴェルフォレット憲兵隊に所属するレンジャーだ。\n特鉄隊に入る前は、森の平和と国民の安全を守るのが彼女の仕事だった。,,
13520101,7,1,,しかし、ヴェルフォレットに来てから、\nヴィヴィアンはまだこの商店街の外へ一歩も出ていない。\nいったい何時間買い物をする気なんだ。,,
13520101,8,1,,腕が痛い。足も痛い。\n何でもいいから早く買い物を終わらせてくれ……。,,
13520101,9,1,ヴィヴィアン,「ごめんごめん！\n　何でもかんでも持たせすぎちゃったわね」,,
13520101,10,1,ヴィヴィアン,「夕方ぐらいまでには終わるから……」,,
13520101,11,1,,……無理。,,
13520101,12,1,ヴィヴィアン,「え～っ！」,,
13520101,13,1,,朝からずっとこの商店街で買い物をしてるんだぞ？\n付き合うとは言ったが、もっとチームプレーを意識してほしい。,,
13520101,14,1,ヴィヴィアン,「チームプレーって、たとえば？」,,
13520101,15,1,,たとえば、ヴィヴィアンを待っているあいだ\nマッサージが受けられる店とか……。,,
13520101,16,1,ヴィヴィアン,「却下！　それじゃあ車掌さんに見てもらえないじゃない！」,,
13520101,17,1,,意見を言ったって、聞いてくれないじゃないか……。,,
13520101,18,1,ヴィヴィアン,「だって車掌さん『似合ってる』とか、\n　『よく似合ってる』しか言わないんだもん」,,
13520101,19,1,,それは仕方ないだろう。\n本当に似合っているんだから。,,
13520101,20,1,ヴィヴィアン,「あ、ありがと……。\n　車掌さんが言うなら、きっとホントのことなんだよね」,,
13520101,21,1,ヴィヴィアン,「ごめんなさい。私ったら自分のことばっかり」,,
13520101,22,1,,いや、こちらも言いすぎた。\n別にヴィヴィアンと一緒に付き合うのがイヤというわけじゃない。\nただ、ここでの買い物が少し……長すぎるのだ。\nもうちょっとヴェルフォレットを満喫できるところに行ってみたい。,,
13520101,23,1,ヴィヴィアン,「それもそうね。\n　それじゃ、森のほうへ行ってみましょうか」,,
13520101,24,1,,ヴィヴィアンは山ほどの買い物袋を軽々と持ち上げ、\n次なる戦場へと向かった。,,
13520102,1,1,,ヴィヴィアンが案内してくれたのは\n森の中にある小さなショップだった。\n手作りのアクセサリーや香水などが売っている。,,
13520102,2,1,ヴィヴィアン,「どう？　ここなら退屈しないと思うんだけど」,,
13520102,3,1,,とてもいいな。\nヴィヴィアンのふるさとに来たという感じがする。,,
13520102,4,1,ヴィヴィアン,「もう、車掌さんってば、\n　他の子にもそういうこと言ってるの？」,,
13520102,5,1,,いや、別にそういうわけでないと思うんだが……。,,
13520102,6,1,ヴィヴィアン,「女の子はそういうセリフで勘違いしちゃうんだから……」,,
13520102,7,1,,何か言ったか？,,
13520102,8,1,ヴィヴィアン,「なんでもなーい」,,
13520102,9,1,,ヴィヴィアンはくるりと背を向けて、\nさっそく店の中の商品を見始めた。,,
13520102,10,1,ヴィヴィアン,「あら？　これは何かしら……匂い袋？」,,
13520102,11,1,,ヴィヴィアンは香水瓶が並んだ棚の前で立ち止まると、\n『新作！』と書かれたオシャレな匂い袋を手に取った。,,
13520102,12,1,ヴィヴィアン,「このヒモを引っ張ると自分の周りに魅力的な香りが漂います？\n　泥まみれになって森を駆ける貴女に捧げる、レンジャーフェロモン……」,,
13520102,13,1,,レンジャーフェロモン？,,
13520102,14,1,ヴィヴィアン,「森の中にいてもモテモテになれるんですって。\n　効果時間が短い代わりに魔力が強め、と」,,
13520102,15,1,ヴィヴィアン,「ちょっと面白そうね。\n　この匂い袋、試しに買ってみるわ。\n　ちょうど口説き落としたい相手も一緒だし♪」,,
13520102,16,1,ヴィヴィアン,「ねえ車掌さん。\n　私がモテモテになったらどう思う？」,,
13520102,17,1,,どうって、ヴィヴィアンは元々モテるイメージなんだが。\n特にヴェルフォレットでは老若男女を問わず人気がある。,,
13520102,18,1,ヴィヴィアン,「もう、鈍感ね。\n　そういうのが聞きたくて言ったんじゃないのに」,,
13520102,19,1,ヴィヴィアン,「いいわよ。\n　森で一番のモテモテレンジャーになってやるんだから」,,
13520102,20,1,,べーっと舌を出しながら、\nヴィヴィアンはけっこうな額のお金を支払い、\n『レンジャーフェロモン』という怪しげな匂い袋を購入したのであった。,,
13520103,1,1,,ヴェルフォレットの森でヴィヴィアンが購入した怪しげな匂い袋。\n『レンジャーフェロモン』という名のその匂い袋は、\nこの人気のない森でどのような効果を発揮するというのか……。,,
13520103,2,1,ヴィヴィアン,「森を駆けるレンジャーの貴女に……っていうことは、\n　服や体が汚れていても魅力的にしてくれる魔法がかかっているとか？\n　ほら、レンジャーって任務でお風呂入れないときもあるし」,,
13520103,3,1,ヴィヴィアン,「ものは試しよね。\n　さっそく使ってみるわよ♪」,,
13520103,4,1,,躊躇ないな。\nもうちょっと詳しい説明を読んだほうが……。,,
13520103,5,1,ヴィヴィアン,「だーいじょー、ぶいっ♪」,,
13520103,6,1,,こちらの忠告も聞かず、\nヴィヴィアンは匂い袋のヒモを勢いよく引っ張った。,,
13520103,7,1,ヴィヴィアン,「ちょっと、なにコレ？\n　すごい煙……ごほっ、ごほっ！」,,
13520103,8,1,ヴィヴィアン,「ごほっ、ごほっ！\n　この煙、なんかヘンな味がするわ」,,
13520103,9,1,,ヘンな味？　それってどんな味だ？,,
13520103,10,1,ヴィヴィアン,「そうね、イノシシとか、シカとか、そんな感じの……」,,
13520103,11,1,ヴィヴィアン,「うえ……すっごくケモノくさい！\n　レンジャーフェロモンってそういうこと！？\n　ケモノくさくなって汗のニオイを打ち消す的な！？」,,
13520103,12,1,ヴィヴィアン,「っていうか出過ぎでしょ！\n　これじゃ匂い袋じゃなくて煙玉よ！」,,
13520103,13,1,,匂い袋のヒモを引いた瞬間、ヴィヴィアンは白煙に包まれた。\n本人いわくニオイだけじゃなく「ケモノの味」までするのだとか。,,
13520103,14,1,,そんなことを言われては近寄る気にならない。\nヴィヴィアンには申し訳ないが、\nしばらく距離を置かせてもらうことにしよう。,,
13520103,15,1,ヴィヴィアン,「ふう、ようやく視界が開けたわね。\n　ニオイは……全然とれてないみたいだけど」,,
13520103,16,1,ヴィヴィアン,「結局この匂い袋って何のために作ったのかしら？\n　イヤなニオイを消すためなら普通の香水で十分なのに」,,
13520103,17,1,,森を駆けるワイルドな男性を魅了するための香水ではないのか？\nレンジャーフェロモンというぐらいだから、\n一部の人には需要がある匂いなのかもしれないぞ。,,
13520103,18,1,ヴィヴィアン,「森で生まれて森で育った身として言わせてもらうわ。\n　そんな香水聞いたことがないし、需要があるとも思えない」,,
13520103,19,1,ヴィヴィアン,「でも、かなり強力な魔法がかけられていることはわかったわ。\n　煙の量も尋常じゃなかったし、ニオイも全然とれないし……」,,
13520103,20,1,ヴィヴィアン,「あれ？　気のせいかしら？\n　なんだか獲物の気配がするわ。\n　それも、かなり大量の……」,,
13520103,21,1,,そんなわけないだろう。\nここは狩り場から相当離れているはずだ。\nそれに、こんな明るい時間に森のケモノたちが\n人間に歩み寄ってくるとは思えない。,,
13520103,22,1,,と、言おうとしたのだが……。,,
13520103,23,1,ヴィヴィアン,「た、大量のケモノたちが……」,,
13520103,24,1,,なんと、気づけば自分たちは森のケモノたちに包囲されていた。\nしかもみんな興奮している。\nイノシシ、シカ、クマ……。,,
13520103,25,1,ブルーゼ,「はぁ、はぁ……ヴィヴィちゃん……」,,
13520103,26,1,,……それから、ブルーゼによく似たケモノもいた。\n疲れているのだろうか。とりあえず無視することにしよう。,,
13520103,27,1,ヴィヴィアン,「なるほど。\n　あれはケモノをおびき寄せるための匂い袋だったのね」,,
13520103,28,1,ヴィヴィアン,「ブルーゼがいるのはちょっと意味がわからないけど、\n　きっとあのお店にお買い物に来ていたのね。\n　そういうことにしておきましょう」,,
13520103,29,1,,ヴィヴィアンは荒ぶるケモノたちを前にしても怯むことなく、\n一頭ずつ手なずけて森の奥へと引き返させていった。\nさすがは森育ちのレンジャー。動物の扱いはお手の物である。,,
13520103,30,1,ヴィヴィアン,「ちょっと高くついたけど、楽しいショッピングになったわね。\n　寂しくてついてきちゃったブルーゼと一緒に、\n　三人でお茶でも飲みにいきましょう」,,
13520103,31,1,,ヴィヴィアンに案内された森の中のカフェには、\nヴィヴィアンの到着を聞きつけたレンジャーたちが\n大量のお土産を用意して待っていてくれた。,,
13520103,32,1,,森のアイドルとまで呼ばれた人気者は、\nお気に入りの香水をつけなおし、\n日が暮れるまで故郷の仲間たちと語らった。,,
13530101,1,1,ヴィヴィアン,「今日はありがとう車掌さん！\n　ヨシノにオススメされてからずっと来てみたかったの！」,,
13530101,2,1,,セントイリスに最近できたニシキ料理屋。\nその店内はまさに異国そのものだった。,,
13530101,3,1,,建築様式も内装も、飾られている花も、\nセントイリスやヴェルフォレットとはまったく違う。\nまさに異国情緒に富んだ空間に、ヴィヴィアンは大喜びだった。,,
13530101,4,1,ヴィヴィアン,「すごい綺麗……特にこのランプなんて、とっても素敵。\n　あ、見て車掌さん！　お店の中に川が流れてるわ！」,,
13530101,5,1,,そう言いながら、こちらの手を取って先に進むヴィヴィアン。\nセントイリスは最近、特鉄隊の活躍もあってか、\n色んな国の文化が入り始めている。このニシキ料理屋もその１つだ。,,
13530101,6,1,,真っ赤なアーチ状の橋を渡ると、ようやく客席が見えてきた。\nそこは真ん中に巨大な生け簀があり、その中を泳ぐ魚を眺めながら、\n食事を楽しめるようにになっている。,,
13530101,7,1,ヴィヴィアン,「へえ～、あのイケスっていうプールから魚を採って、\n　それを捌いて出してくれるのね。面白わね～」,,
13530101,8,1,,そうそう。好きな魚を指定して、\n調理法も自由に選んで注文するんだ。\n焼きでも揚げでも何でも――,,
13530101,9,1,,と、目の前に座っていたはずのヴィヴィアンがいない。\nどこに行ったのかと見回すと、彼女は生け簀の前に立っていた。\nそして突然、手をパンパンと叩いたのだった。\n瞬間的に集まってくる魚たち。,,
13530101,10,1,ヴィヴィアン,「はーい、いい子たちね」,,
13530101,11,1,,口を開ける無数の魚の頭を撫でてやるヴィヴィアン。何それすごい。\nあれって普通、池の魚にやる奴だったと思うんだが。,,
13530101,12,1,ヴィヴィアン,「ニシキの料理屋って楽しいところね、車掌さん！」,,
13530101,13,1,,まだ何も食べていないというのに、\nヴィヴィアンはすっかりニシキの料理屋を気に入ったようだった。\nなんて思っていたら、ちょうど最初の料理がやってきた。,,
13530101,14,1,,運ばれてきた前菜は、飾り包丁が見事な野菜と魚の練り物。\n見た目にも鮮やかで手間を惜しまない、職人の技が光る逸品だった。,,
13530101,15,1,ヴィヴィアン,「すごいのね、ニシキ料理って。\n　芸術と料理の融合！　って感じかしら。\n　これなんてお野菜が花の形になってるもの。\n　じゃあまずはこのお豆をいただきま……あら、上手く掴めなっ……」,,
13530101,16,1,,ヴィヴィアン、箸の使い方はこうやってだな……。,,
13530101,17,1,ヴィヴィアン,「そのくらいわかりますよーだ」,,
13530101,18,1,,勉強してきたんだから、とちょっとふくれっ面を見せて、\nヴィヴィアンが再度チャレンジする。,,
13530101,19,1,,真剣な顔で豆に挑むヴィヴィアンは、\n失敗するたびに箸の持ち方を微調整していく。\nそのおかげで、一度コツを掴んでからは、\nあっという間にマスターしてしまった。,,
13530101,20,1,,ヴィヴィアンのこういったチャレンジ精神は、\nこちらも見習いたいところだ。,,
13530101,21,1,ヴィヴィアン,「車掌さん、そんなに見つめられたら照れるんだけど……」,,
13530101,22,1,,ああ、ごめん。\n箸に集中する姿に感心してね。,,
13530101,23,1,ヴィヴィアン,「もう、そんな返しが欲しいんじゃないのに……」,,
13530102,1,1,ヴィヴィアン,「次はオサシミっていうものね！\n　すごいわ、なんて綺麗に盛りつけるのかしら」,,
13530102,2,1,,次いで運ばれてきたのは、姿造りだった。\n普通の刺身と違って頭を落としておろしたりはせず、\nそのまま身を削いでいく調理法だ。\n頭から尾っぽまで骨だけになった魚が、皿の上で存在感を放っている。,,
13530102,3,1,ヴィヴィアン,「見た目が華やかなのも素晴らしいけど、\n　生で食べるっていう発想と技術が素敵だわ」,,
13530102,4,1,,そう言って、マスターした箸でヴィヴィアンが刺身ではなく、\n骨だけになった飾りの頭を箸で掴んだ。\n食べるのに邪魔だったのだろうか、と思ってみていると――,,
13530102,5,1,,なんとそれを口に運んだのだった。,,
13530102,6,1,ヴィヴィアン,「あら本当だわ、新鮮でおいしい！」,,
13530102,7,1,,あまりのことに止めるのも間に合わなかった。\n違う、それは刺身と違う……。,,
13530102,8,1,,だがヴィヴィアンは頬に手を当てながら、\n満足そうにバリバリと骨を噛み砕いて飲み込んでしまった。\nさすがはヴェルフォレットの森を駆け回るレンジャー、なのだろうか……。,,
13530102,9,1,ヴィヴィアン,「ニシキ料理って本当に美味しいわね！\n　次は何にしようかしら」,,
13530102,10,1,,メニューと睨めっこするヴィヴィアンに、\n次は全部食べられる安全そうなものを勧めようとすると、\n突然『解体ショーを始めます！』とのアナウンスが聞こえた。,,
13530102,11,1,,見ると、奥のスペースに巨大な魚がワゴンで運ばれてくるのが見えた。\n今からあの魚を客の目の前で捌くということのようだ。,,
13530102,12,1,ヴィヴィアン,「車掌さん、行ってみましょう！！」,,
13530102,13,1,,ガバッと立ち上がり、\nこちらの手を引いて駆け出すヴィヴィアン。\n探究心の強い彼女は、そんなに急がなくても大丈夫、\nというこちらの声も聞こえていない様子だった。,,
13530102,14,1,,――さあお客さん！　ニシキ名産巨大魚の解体ショー、始まりだぁっ！,,
13530102,15,1,,料理長とおぼしき風格の男が、\n巨大魚の大きさをアピールするように手を広げる。\nその全長は、男が両手を広げてもまだ足りない。,,
13530102,16,1,ヴィヴィアン,「すごい、あのスラッと長いナイフで切っていくのね！」,,
13530102,17,1,,最前列で子どもたちに混じってヴィヴィアンが興奮した表情を見せる。\nその様子に料理長が満足げに頷き、いよいよショーの始まり――,,
13530102,18,1,,と思われたその瞬間。\n巨大魚が突如暴れ出し、尾っぽで料理長を吹っ飛ばした。,,
13530102,19,1,ヴィヴィアン,「わ、すごい活きがいいわね～！」,,
13530102,20,1,,これもショーの演出だと思ってるのか、\nのんきな声を出すヴィヴィアン。,,
13530102,21,1,,そんなこと言ってる場合じゃない気がする……と思っていると案の定、\n『親方、しっかりして下さい！』とか、\n『氷の魔法の効きが弱かったか……』いう声が聞こえてきた。\n最大限に新鮮さを保とうと締めずにいたのが仇となったのだろう。,,
13530102,22,1,ヴィヴィアン,「車掌さん、これはどういうこと……？\n　もしかして、解体ショーはナシなのかしら？」,,
13530102,23,1,,……のようだ。,,
13530102,24,1,,――そんなぁ～！,,
13530102,25,1,,と言ったのはヴィヴィアンではなく、最前列の男の子たちだ。\nきっと解体ショーを心待ちにしていたのだろう。\n期待に胸を膨らませていた分、中止と分かって皆肩を落としている。,,
13530102,26,1,ヴィヴィアン,「……あの、私にやらせてもらえませんか！」,,
13530102,27,1,,近くにいたスタッフたちに向かって、ヴィヴィアンが手を挙げる。\n突然の申し出に、スタッフも客もみんな彼女に驚きの視線を送る。\nさすがに狩りやサバイバルが得意と言っても、\nこの巨大魚は女の子の手には余るだろう。,,
13530102,28,1,ヴィヴィアン,「だいじょうぶだって、車掌さん。\n　私、ヴェルフォレットではこの巨大魚と同じくらい大きい、\n　湖の主って呼ばれてる魚とよく戦ってたから！」,,
13530102,29,1,ヴィヴィアン,「それにここで止めたら、\n　あの子たちがかわいそうでしょ？」,,
13530102,30,1,,それはそうだが、でも暴れるし大変だろう。\nだからなんとかヴィヴィアンを説得しようとしたのだが……。,,
13530102,31,1,,――なに、あの湖の主と対等に……！？,,
13530102,32,1,,ダウンしていた料理長がよろよろと上体を起こし、\n『それなら俺の分までぜひ頼む』と言って、またダウンしたのだった。,,
13530102,33,1,,こうして、何故かヴィヴィアンが解体ショーに挑むことになった。,,
13530103,1,1,ヴィヴィアン,「それじゃあみんな、離れて見ててね」,,
13530103,2,1,,解体用の包丁を手に取り、\nビチビチとまな板の上で跳ねる巨大魚に向き合うヴィヴィアン。,,
13530103,3,1,,こんな屋内では、ヴィヴィアンの得意な弓も魔法も使えない。\nそれでも彼女は余裕の表情を浮かべる。,,
13530103,4,1,ヴィヴィアン,「心配しないで、車掌さん。\n　これは戦いじゃなくて、狩りで調理。\n　私の得意分野なんだから」,,
13530103,5,1,,ニッコリ笑って、ヴィヴィアンが包丁を構える。\n巨大魚もそれに呼応して身構えるかのように、一瞬動きを止めた。\nそして皆が息を呑んだその瞬間――,,
13530103,6,1,,巨大魚が跳ね、ヴィヴィアンへと襲いかかった。\nだが彼女は一歩も引かず、少し腰を落とすと、\n下から巨大魚へと包丁を突き刺した。,,
13530103,7,1,ヴィヴィアン,「うりゃああああっ！！」,,
13530103,8,1,,気合い一閃、ヴィヴィアンは巨大魚の腹に突き刺した包丁を、\n一気に振り抜く――！,,
13530103,9,1,,そして見事空中で真っ二つになった巨大魚の片方を掴むと、\n勢いよくまな板に叩きつけ、素早く切り刻んでいくのだった。\n素人とは思えないくらいの、鮮やかな解体だった。,,
13530103,10,1,ヴィヴィアン,「さあみんな、できたわよ～！」,,
13530103,11,1,,解体した巨大魚を皿に載せてお披露目するヴィヴィアン。\n呆気に取られていた子どもたちが我に返り、歓声を上げる。,,
13530103,12,1,,ヴィヴィアンがレンジャーだとか、\nサバイバルに長けているだとか知ってはいたけれど、\nここまでできるとは思わなかった……。,,
13530103,13,1,,客の子どもたちやおばちゃんたち、\n果てはスタッフまでもが、ヴィヴィアンを囲む。\n彼女は手が巨大魚の血で真っ赤なことも気にせず、額を拭うのだった。,,
13530103,14,1,ヴィヴィアン,「ニシキの匂い袋貰っちゃった♪　やったぁ～」,,
13530103,15,1,,料理屋からの帰り道、\nヴィヴィアンは匂い袋の巾着を指でくるくる回しながら、\nご機嫌な様子で少し先を歩く。\nあんな大変なことがあったのに、よくそんな元気でいられるなあ。,,
13530103,16,1,ヴィヴィアン,「楽しかったじゃない！\n　店内もお料理もみんな綺麗で素敵だったし、\n　ほんと、今日は来てよかったわ」,,
13530103,17,1,ヴィヴィアン,「私が特鉄隊に入ったのって、\n　今日みたいな、まだ見たことのない美しいものが見たいからなの。\n　ヴェルフォレットから出なければセントイリスは見られなかったし、\n　このニシキの文化にだって出会えなかったわ」,,
13530103,18,1,,そうか。そういえばヴィヴィアンはいつも、\n新しい何かに出会うたびに瞳を輝かせていたかもしれない。,,
13530103,19,1,ヴィヴィアン,「いつか霧がなくなったら、\n　みんなで色んなところに旅行とか行きたいわ」,,
13530103,20,1,,それは幻霧のない世界が当たり前にやって来る、\nそう信じて疑わない声音だった。,,
13530103,21,1,,世界はこんなにも美しい――\nきっとヴィヴィアンの探究心は、\nいつかみんなにそう思わせてくれるに違いない。,,
13530103,22,1,ヴィヴィアン,「車掌さん、次もまたどこかに連れて行ってね？」,,
13530103,23,1,,次のまだ見ぬ美しいものに向けて、\nヴィヴィアンはもう瞳を輝かせ始めていた。,,
13530201,1,1,,ニシキでの遠征任務を終え、\n飲み屋のお座敷でヴィヴィアンと酒を酌み交わしていたときのこと。,,
13530201,2,1,ヴィヴィアン,「はいはい車掌さ～ん♪\n　キツネのヴィヴィアンがお酌をしますよ～っと」,,
13530201,3,1,ヴィヴィアン,「こんこんこんこ～ん♪」,,
13530201,4,1,,狐耳をつけたヴィヴィアンが隣でお酌をしてくれている。\n彼女はヴェルフォレットのエルフであるが、\nオシャレもコスプレも大好きなのでニシキの民になりきっているのだ。,,
13530201,5,1,,ニシキの民のケモ耳は可愛い。\nしっぽも可愛い。\nもふもふ、ふさふさ、大興奮だ。,,
13530201,6,1,,男なら一度は考えたことがあるだろう？,,
13530201,7,1,,目の前に美女がいたとする。\nその美女の頭に大きな耳が生えていたら？\nおしりにも大きなしっぽが生えていたら？,,
13530201,8,1,,そして動物的な魅力に包まれた美女が、\n「ご主人様ぁ～♪」などと甘えてきたら、どうする？,,
13530201,9,1,,――こうするに決まっている！,,
13530201,10,1,ヴィヴィアン,「きゃ～っ♪\n　車掌さんがオオカミになっちゃった～♪」,,
13530201,11,1,,うおお！　オオカミを誘惑する悪いキツネは誰だ？\nこの牙でその大きなしっぽをはむはむしてやるわ！,,
13530201,12,1,ヴィヴィアン,「きゃ～っ♪\n　車掌さんが酔ってるぅ～！」,,
13530201,13,1,,ニシキの民になりきっているのはヴィヴィアンだけではない。\nこちらも『ニシキの民なりきりセット～孤高のオオカミ編～』を装着済みだ。\n酒の力とオオカミの力が合わさってホ乳類に敵はナシ。\n男はみんなオオカミであるということを思い知らせてやろう。,,
13530201,14,1,ヴィヴィアン,「え～？　そんなこと言っちゃっていいの～？\n　オオカミに噛みつくキツネだっているんだぞぉ？」,,
13530201,15,1,,上等だ。やってみるがいい。\nいやむしろやってくれ。噛みつかれたい。,,
13530201,16,1,ヴィヴィアン,「よーしそれじゃあやっちゃうぞ～！\n　ガブガブいっちゃうぞぉ～？」,,
13530201,17,1,ヴィヴィアン,「おしりばっかり見ている悪いオオカミさんに、\n　キツネさんからの噛みつき攻撃っ！」,,
13530201,18,1,,――なっ！？,,
13530201,19,1,,なんてところに噛みついてくるんだ。\n歯が当たっているなんてレベルではないぞコレは。\n食い込んでる。牙が食い込んでる。,,
13530201,20,1,ヴィヴィアン,「あれぇ？　どうしたの？\n　もっとやってほしいの？」,,
13530201,21,1,ヴィヴィアン,「そ～れっ♪」,,
13530201,22,1,ヴィヴィアン,「あら？　車掌さんが動かなくなっちゃった」,,
13530201,23,1,ヴィヴィアン,「そんなに気持ちよかった？」,,
13530201,24,1,ヴィヴィアン,「……」,,
13530201,25,1,ヴィヴィアン,「ってそんなわけないか～！\n　気絶しちゃってるもんねぇあっはっはぁ！」,,
13530201,26,1,ヴィヴィアン,「でも、だーいじょーぶいっ♪\n　私は魔法使いだもん。\n　こういうときはぁ、魔法でギューンと目覚めさせればいいのよ」,,
13530201,27,1,ヴィヴィアン,「そーれギューンッ！」,,
13530201,28,1,,――なっ、なんだなんだ！？\nここはどこ？　この痛みの原因はなに！？,,
13530201,29,1,ヴィヴィアン,「うふふ、起きた起きた♪」,,
13530201,30,1,ヴィヴィアン,「車掌さんったら。\n　とつぜん寝ちゃったらダメじゃない。\n　まだ宴会は終わってないんだからね」,,
13530201,31,1,,そうだった。宴会の途中だった。\n潰れるほど飲んではいないのだが、何があったか思い出せない。\nヴィヴィアンを襲おうとしたところまでは覚えているのだが……。,,
13530201,32,1,ヴィヴィアン,「私のご奉仕中に寝ちゃうなんてひどいご主人様ね。\n　これからもっともっとイイコトしてあげようと思ったのに」,,
13530201,33,1,,い、イイコトってドンナコト？,,
13530201,34,1,ヴィヴィアン,「いろいろあるわよ～？\n　リクエストがあれば聞いてあげる♪\n　今日のヴィヴィちゃんにはお耳としっぽが付いてるから、\n　いつもよりバリエーションが豊富カモ♪」,,
13530201,35,1,ヴィヴィアン,「でもでも、ご奉仕するだけじゃ物足りなぁい。\n　満足したら今度は私にもサービスし・て・ね？」,,
13530201,36,1,ヴィヴィアン,「こんこん、こ～ん♪」,,
13530201,37,1,,……いかん、これはえっちすぎる。,,
13530201,38,1,,ニシキの衣装と酒に酔っているとはいえ、\n今日のヴィヴィアンは随分と甘えんぼうだ。\nいつもは酔っても大人の魅力で迫ってくるのだが、\n今回はなんというか……動物的である。これがコスプレの効果なのか。,,
13530201,39,1,ヴィヴィアン,「うふふ、私にも獣神さまのご加護があったのかしらね～」,,
13530201,40,1,ヴィヴィアン,「さあさあ、ご主人サマ？\n　キツネに化かされる覚悟はできたかしら～？」,,
13530201,41,1,,そうして夜は更けていき、キツネ姿のヴィヴィアン（酔）に\nあんなことやこんなことをしてもらったわけだが、\n残念なことにニシキ酒を飲み過ぎたせいでほとんど覚えていない。,,
13530201,42,1,,たまにはハメを外したっていい。\nこんな夜があってももいいだろう。,,
13530201,43,1,,その程度に思っていたのだが、\n実はこの話には続きがある……。,,
13530202,1,1,,ヴィヴィアンと深酒をした翌日。\n目が覚めた時にはすでにヴィヴィアンの姿はなかった。,,
13530202,2,1,,『ひどい顔なので自室で寝ます』という書き置きがあったので、\nおそらく二日酔いの状態で早朝にこの部屋を出て行ったと思われる。,,
13530202,3,1,,――ところが、昼過ぎに再びヴィヴィアンが部屋を訪ねてきた。,,
13530202,4,1,ヴィヴィアン,「車掌さん、昨日はごめんなさい。\n　私ったらつい飲み過ぎちゃって……」 ,,
13530202,5,1,,いや、それはこちらも同じことだ。\nキツネ化したヴィヴィアンがあまりにも魅力的だったので\n普段よりも勢いよく飲んでしまった。,,
13530202,6,1,,二日酔いは大丈夫か？\n今日のところは何もないが、明日はニシキ軍の式典に顔を出す予定だ。\nしっかりと体調を整えて、万全の状態で臨もう。,,
13530202,7,1,ヴィヴィアン,「二日酔いはもう直ったわ。\n　お水をたくさん飲んで、よく寝たから」,,
13530202,8,1,ヴィヴィアン,「でも、二日酔いよりも厄介なことになっちゃって……」,,
13530202,9,1,,二日酔いよりも厄介なこと？,,
13530202,10,1,ヴィヴィアン,「うん、もしかしたら式典にも出られないかもしれない」,,
13530202,11,1,ヴィヴィアン,「それだけじゃないわ。\n　今後の任務にも支障が出てしまうかも……」,,
13530202,12,1,,今後の任務にも支障が出るだと？\nいったい何があったんだ？\n体に大怪我でも負ったのか？,,
13530202,13,1,ヴィヴィアン,「ある意味、そうかも……」,,
13530202,14,1,ヴィヴィアン,「……コン」,,
13530202,15,1,,コン？,,
13530202,16,1,ヴィヴィアン,「ひっ！　ち、ちがうコン！\n　これはふざけているわけじゃないコン！」,,
13530202,17,1,ヴィヴィアン,「うう……」,,
13530202,18,1,ヴィヴィアン,「車掌さん、笑わないで聞いてくれる？」,,
13530202,19,1,,もちろんだ。笑うものか。\nというか明日の式典に参加できないというのなら\n如何なる理由であっても笑えないぞ。オハナにヤられてしまう。,,
13530202,20,1,ヴィヴィアン,「実はね、目覚めてからずっとこのヘンな口調が直らないコン」,,
13530202,21,1,,……。\n……キツネになりきっているわけではなく？,,
13530202,22,1,ヴィヴィアン,「そういうんじゃないの。本当に出ちゃうのよ。\n　言わないように集中してないと語尾に『コン』って付いちゃうの」,,
13530202,23,1,,……試しに自己紹介をしてみてくれ。\n「コン」という語尾をいっさい我慢せずにいるとどうなるのか知りたい。,,
13530202,24,1,ヴィヴィアン,「ヴェルフォレット出身のヴィヴィアンコン。\n　特鉄隊に入る前は憲兵隊でドッカンドッカン暴れていたコン」,,
13530202,25,1,,……『合同コンパ』を略して言うと？,,
13530202,26,1,ヴィヴィアン,「合コン」,,
13530202,27,1,,……根暗だけど戦闘力が高いブロセリアントの『森番』と言えば？,,
13530202,28,1,ヴィヴィアン,「レンヌ」,,
13530202,29,1,,なるほど。\nそこは「レンコン」とはならないわけだ。,,
13530202,30,1,ヴィヴィアン,「ふざけてると怒るわよ」,,
13530202,31,1,,……プトラを一言で表すと？,,
13530202,32,1,ヴィヴィアン,「明るく元気でおバカな子ン」,,
13530202,33,1,,……最後のは違うだろ。\nとりあえず制御できるなら意識して「コン」をつけないようにしよう。\nクセが付くとそのうちもっとひどくなりそうだ。,,
13530202,34,1,ヴィヴィアン,「変わったの口調だけじゃないのよ。\n　耳としっぽも取れなくなっちゃったの」,,
13530202,35,1,ヴィヴィアン,「本当にキツネに化かされた気分だわ」,,
13530202,36,1,,まあいい。状況は把握した。\n理由はわからないが、どうやらヴィヴィアンは\n本格的にキツネ化し始めているようだ。,,
13530202,37,1,,おそらく酒のせいではないだろう。\nもしそうなら自分もオオカミ男になっているだろうからな。,,
13530202,38,1,ヴィヴィアン,「お酒が関係ないってなると、\n　やっぱり何者かによる呪術のしわざなのかしら。\n　口調は何とか制御できそうだけど、\n　耳としっぽが取れなくなっちゃったのは問題よね」,,
13530202,39,1,ヴィヴィアン,「遠征任務では特に変わったことはしていないし、\n　何か原因があるとすればこのお宿だと思うんだけど……」,,
13530202,40,1,ヴィヴィアン,「ああんもう！\n　どうしてこういう時にヨシノやシモアマヅがいないのよ～！」,,
13530202,41,1,,大きな耳としっぽをぶらさげたニュータイプのエルフが\n畳の上でごろごろと転がりまわる。なんともシュールな光景だ。,,
13530202,42,1,,しかし、耳としっぽが取れなくなった原因が\n呪術の類だとしたら看過できる問題ではない。\nつけ耳が取れなくなるだけの地味な呪いだけならともかく、\n他にも身体に害を及ぼす呪術が込められている可能性があるからな。,,
13530202,43,1,女将,「失礼いたします。\n　お客様、何かお困りですか？」,,
13530202,44,1,ヴィヴィアン,「あなたは、このお宿の女将さん……？」,,
13530202,45,1,女将,「ええ、大きな音がしたので何かあったのかと」,,
13530202,46,1,ヴィヴィアン,「すみません騒がしくしちゃって！\n　他のお客さんもいるのに……」,,
13530202,47,1,ヴィヴィアン,「うう、なんだか感情のコントロールも効かない気がするコン」,,
13530202,48,1,女将,「コン？」,,
13530202,49,1,ヴィヴィアン,「いえっ、なんでもありません！\n　ちょっと風邪気味で咳こんじゃって。\n　こほっ、こほっ、こんこんコン」,,
13530202,50,1,女将,「……」,,
13530202,51,1,女将,「エルフのお嬢さん、\n　あなた、もしかして動物に好かれるタチじゃないですか？」,,
13530202,52,1,ヴィヴィアン,「へ？」,,
13530202,53,1,ヴィヴィアン,「まあ、そう言われてみるとそうかしらね。\n　ブロセリアントの森でいつも動物たちと一緒だったし」,,
13530202,54,1,女将,「どうりでウチの子たちに気に入られるわけです。\n　そんな立派な耳としっぽを付けていたら、\n　たとえエルフでも懐かれてしまいますよ」,,
13530202,55,1,ヴィヴィアン,「『ウチの子たち』って……？」,,
13530202,56,1,女将,「このお宿には、動物の霊が祀られているんですよ。\n　裏庭にお堂と石碑がありますから、\n　あとでお供え物を持っていってやってください」,,
13530202,57,1,ヴィヴィアン,「動物の霊……」,,
13530202,58,1,ヴィヴィアン,「まさか、その子たちのしわざだっていうの……？」,,
13530202,59,1,,その可能性は十分にあり得そうだ。\nひとまず、女将の言う通りお供え物を持って裏庭に行ってみよう。\nもしかしたら何かわかるかもしれない。,,
13530202,60,1,ヴィヴィアン,「ええ、そうね。\n　そうしましょう」,,
13530202,61,1,ヴィヴィアン,「……」,,
13530202,62,1,ヴィヴィアン,「ただ好かれてるだけならいいんだけどな……」,,
13530203,1,1,,ニシキ遠征の際にヴィヴィアン身体に異変が起きた。,,
13530203,2,1,,気を緩めると「コン」というおかしな語尾が付いてくるようになったのと、\nキツネの耳としっぽが取れなくなってしまうという謎の二重苦。\n何かの呪術にかかったと不安になっていたヴィヴィアンだったが、\n宿の女将の話によるとどうやら「動物の霊」が関係しているらしい。,,
13530203,3,1,ヴィヴィアン,「ここが慰霊堂ね。\n　思っていたより立派なお堂だこと」,,
13530203,4,1,,宿の裏庭に行くと、よく手入れされた慰霊堂があった。\n木造りのお堂のそばにはいくつかの石碑があり、\nそこにはニシキの言葉で多くの名が刻まれている。,,
13530203,5,1,ヴィヴィアン,「ここに刻まれているのは、ここに眠っている動物たちの名前ね。\n　セントイリスやアイゼングラートでよく使われている名前もあるわ。\n　ほとんどニシキの名前だけど、全部じゃないわ。いろんな国の名前がある」,,
13530203,6,1,ヴィヴィアン,「ほら、これなんかヴェルフォレットで\n　飼い犬によく付けられる名前よ」,,
13530203,7,1,,ということは、ここに祀られている『動物の霊』というのは、\n野生の動物ではなく人に飼われていた動物の霊たちのことか。,,
13530203,8,1,ヴィヴィアン,「ええ、きっとそうね。\n　人間と一緒に過ごしたことのある動物たちがここにいる」,,
13530203,9,1,ヴィヴィアン,「……」,,
13530203,10,1,ヴィヴィアン,「この中の、どれだけの子が人間を愛してくれたのかな……」,,
13530203,11,1,,ヴィヴィアンはどこか寂しそうに呟いた。\nニシキの民がよくやるように、大きな耳をぺたんと寝かせて。,,
13530203,12,1,,どうしたのだろう？\nなんだか、いつものヴィヴィアンらしくない。,,
13530203,13,1,ヴィヴィアン,「動物に好かれる人もいれば、そうじゃない人もいる。\n　それと同じように、\n　人間に好かれる動物もいれば、そうじゃない子もいる」,,
13530203,14,1,ヴィヴィアン,「ここにいるみんなは、人間を好きでいてくれた？」,,
13530203,15,1,ヴィヴィアン,「人間に、愛してもらえた？」,,
13530203,16,1,ヴィヴィアン,「……そうだったらいいな」,,
13530203,17,1,ヴィヴィアン,「みんながみんなそういうわけじゃない。\n　それでも私たちは、人間と一緒に生きてきた」,,
13530203,18,1,ヴィヴィアン,「たとえ愛されたとしても、別れの日はやってくる」,,
13530203,19,1,ヴィヴィアン,「やだ、私、どうしてこんなこと言ってるんだろう。\n　こういう場所で言っていいことじゃないのに……」,,
13530203,20,1,,大丈夫か。今のはおかしかったぞ。\nヴィヴィアンの意志とは関係なく喋っていなかったか？,,
13530203,21,1,ヴィヴィアン,「ええ、まるで私の中に私以外の何かがいるみたい」,,
13530203,22,1,ヴィヴィアン,「ここにいる動物たちかな……」,,
13530203,23,1,ヴィヴィアン,「きっとそうよ。\n　動物の真似ごとをしてふざけたから、怒られちゃったんだわ」,,
13530203,24,1,,それは違う。\nそんなこと、動物たちの前で言ってはダメだ。,,
13530203,25,1,ヴィヴィアン,「車掌さん……」,,
13530203,26,1,,それだと、ここにいるたくさんの動物たちが\nヴィヴィアンに呪いをかけたということになってしまう。\nだが、この慰霊堂から呪いのようなイヤな力は感じない。,,
13530203,27,1,,むしろ、とても居心地がいい。\nここがどんな場所なのか詳しくは知らないが、\n怒りや憎しみといった感情はあまり感じられない。,,
13530203,28,1,ヴィヴィアン,「ええ、そうね……怒りと憎しみは感じられない」,,
13530203,29,1,ヴィヴィアン,「でもね、寂しい、悲しいっていう気持ちは少し感じる。\n　ううん、感じるっていうか、私の中に入ってくる」,,
13530203,30,1,ヴィヴィアン,「ここにいる子たちは、家畜やペットだった子がほとんどなのね。\n　だから人間に慣れている。いい意味でも、悪い意味でも」,,
13530203,31,1,ヴィヴィアン,「私は女将さんに『動物に好かれやすい？』って訊かれたけど、\n　全ての動物に好かれているわけじゃないのよね」,,
13530203,32,1,,ヴィヴィアンは森のレンジャーだ。\n生活のために野生の動物を狩ることもある。,,
13530203,33,1,ヴィヴィアン,「うん、そのことがちょっと引っかかってたんだ」,,
13530203,34,1,ヴィヴィアン,「でもね、ここにいる子は野生の動物じゃない。\n　私たちに興味を持ってくれてる子ばかりよ」,,
13530203,35,1,ヴィヴィアン,「そう、信じていいのよね？」,,
13530203,36,1,ヴィヴィアン,「……車掌さん、ゆっくり後ろを振り返って」,,
13530203,37,1,,ヴィヴィアンに言われるがまま、\n今まで背を向けていた慰霊堂のほうへゆっくりと振り返る。,,
13530203,38,1,,するとどうだろう。\n慰霊堂のまわりに、たくさんの犬や猫、\n小鳥たちが群がっているではないか。,,
13530203,39,1,,キツネやタヌキもいる。\n地面にへたり込むヴィヴィアンを心配そうに見つめている。,,
13530203,40,1,ヴィヴィアン,「私が怖がっちゃったから、姿を見せてくれたのね」,,
13530203,41,1,ヴィヴィアン,「心配をかけてごめんなさい。\n　それから、昨晩は騒がしくしてごめんなさい」,,
13530203,42,1,,――謝らないで。からかった私たちも悪かったわ。\n――あなたがご主人様に甘えているのを見て、つい羨ましくなっちゃって。,,
13530203,43,1,ヴィヴィアン,「そっか、あなたたちも久しぶりに\n　ご主人様に甘えたくなっちゃったのね」,,
13530203,44,1,ヴィヴィアン,「言葉が話せなくても愛情表現はできる。\n　からだをくっつけて、いろんなところを触ってもらうの。\n　そうすると、愛されてるって感じがするわよね」,,
13530203,45,1,,ヴィヴィアンは持参した花束とお供え物を持って慰霊堂に歩み寄る。\nそして、耳飾りとニセのしっぽを付けたまま、\nヴェルフォレットのエルフとして動物たちに感謝の意を伝えた。,,
13530203,46,1,ヴィヴィアン,「一緒に遊んでくれでありがとう。\n　おかげで大好きな人にうんと甘えることができたわ」,,
13530203,47,1,ヴィヴィアン,「大切なことを思い出させてくれてありがとう。\n　これからも動物たちのことを大切にするわ」,,
13530203,48,1,,実は、この宿に来る前に我々は\n自然保護区に発生したモンスターを討伐していたのだ。,,
13530203,49,1,,野生動物たちが過ごすその保護区には、\nニシキ中から大勢の観光客が訪れる。\n怪我した動物を保護して、そのまま飼う人間もいるそうだ。,,
13530203,50,1,ヴィヴィアン,「きっとここの動物たちも、特鉄隊に興味を持ってくれたのよ。\n　霧を晴らしてくれる人間が来てくれた……って」,,
13530203,51,1,,ヴィヴィアンの付け耳としっぽはもう外れるはず。\n「コン」という妙な口グセも慰霊堂に来てから一切出ていない。\nそれでもヴィヴィアンは、耳としっぽを取ろうとしなかった。,,
13530203,52,1,ヴィヴィアン,「いっそ記念式典にはこの格好のまま参加しようかしら♪」,,
13530203,53,1,,宿を出るときに知ったのだが、\nあのとき部屋に入ってきた女将はキツネが化けたものらしく、\n『裏庭の案内役』としてこの宿の名物女将として知られているのだとか。,,
13540101,1,1,,アイゼングラートに向かうミストトレインは、\n数十名の特鉄隊隊員を乗せ、順調に走行していた。,,
13540101,2,1,,ヴォルフォレットを早朝に出発し、\nかなり飛ばしたおかげで予定より早く\n約束の地に着けそうだ。,,
13540101,3,1,,到着前に隊員たちの様子を見ておこうと、\n自動運転に切り替えて車掌室を出る。\n食堂車を通り抜けようとした時、\n隅っこの席にヴィヴィアンの後ろ姿を見つけた。,,
13540101,4,1,,こんなところで背中を丸めて何をしているんだろうか。\n静かに近づき、背後から手元をのぞき込んでみる。,,
13540101,5,1,ヴィヴィアン,「きゃっ！」,,
13540101,6,1,ヴィヴィアン,「……びっくりしたあ。\n　もう、おどかさないでよ、車掌さん！」,,
13540101,7,1,,悪かった。そこまで驚くとは思わなかった。\nよほど集中していたのだな。,,
13540101,8,1,,ところで、それは何だ？\nヴィヴィアンの手の中にあるキラキラしたものを指さす。,,
13540101,9,1,ヴィヴィアン,「ふふふ、これ？\n　これはねー、大切な友達へのプレゼント。\n　手作りのネックレスよ。私が作ったの。\n　あとは表面をしっかり磨き上げれば完成～！」,,
13540101,10,1,ヴィヴィアン,「滝つぼに潜って採ってきた石を使ったのよ。\n　デザインから加工まで、すべて私のオリジナル！\n　……形はちょっぴりいびつだけどね。えへ」,,
13540101,11,1,,"ヴィヴィアンが錬成魔法を苦手としているのは\n知っているが、だからってわざわざ手作りしなくても、\n錬成魔法が得意な誰かに頼めば\nすぐ作ってもらえるんじゃないか？",,
13540101,12,1,ヴィヴィアン,「車掌さん分かってない！\n　ぜーんぜん分かってない！」,,
13540101,13,1,ヴィヴィアン,「これはね、友情の証であり命を守るお守りなの。\n　思いを込めて手作りすることに意味があるの！」,,
13540101,14,1,,そういうものか。\nそれでで？　誰にプレゼントするんだ？\n幼なじみのブルーゼか？,,
13540101,15,1,ヴィヴィアン,「ううん、ブルーゼじゃないわ」,,
13540101,16,1,,……なんだ？\n今、足元にぞわりと冷気を感じたんだが。,,
13540101,17,1,,おそるおそる机の下をのぞいた瞬間、\nヒャッと声を上げそうになった。,,
13540101,18,1,ブルーゼ,「……」,,
13540101,19,1,,なんと机の下でブルーゼが膝を抱えていた。\nこちらを恨めしそうな目で見上げている。\nちょうど死角になっているらしく、\nヴィヴィアンは気付いていないようだ。,,
13540101,20,1,,……よし、見なかったことにしよう。,,
13540101,21,1,ヴィヴィアン,「私が特鉄隊に入隊したばかりの頃、\n　短期間だけどアイゼングラートに\n　遠征したことがあったのよね。\n　その時に仲良くなった同い年の子なの」,,
13540101,22,1,ヴィヴィアン,「その子もおしゃれが大好きで、\n　すごく話が合ったのよ。\n　服やアクセサリーの話で盛り上がって\n　明け方まで話したこともあったっけ」,,
13540101,23,1,ヴィヴィアン,「もともと回復魔法が得意な子で、\n　今はアイゼングラートの救護部隊にいるわ。\n　すごくいい子なの！　車掌さんにも紹介するわね」,,
13540101,24,1,ヴィヴィアン,「このネックレス、喜んでくれるといいなあ」,,
13540101,25,1,,ヴィヴィアンはネックレスを目の前にぶら下げ、\nキラキラ輝く石をうっとりと眺めた。\nふと窓の外に視線を向け、その表情を曇らせる。,,
13540101,26,1,ヴィヴィアン,「再会の場所が戦場でなければ、\n　もっとよかったんだけど……」,,
13540101,27,1,,列車は薄暗い幻霧の中を進んでいく。,,
13540101,28,1,,今ごろ、アイゼングラートの国境付近では\n激しい戦闘が繰り広げられているはずだ。,,
13540101,29,1,,我々がいま向かっているのは、その少し手前の地点。\n大量のミストモンスターの出現に戦況は劣勢となり、\nアイゼンクラート軍の部隊は後退を余儀なくされた。,,
13540101,30,1,,今回のミストトレインの任務は、\n異常に発達した幻霧の中から\nアイゼンクラートの住民と兵士たちを救出することだった……。,,
13540101,31,1,ヴィヴィアン,「どうか、彼女が無事でありますように……」,,
13540102,1,1,,ミストトレインが停車すると、/nヴィヴィアンが真っ先に地面に降り立った。/n周囲には幻霧が立ちこめている。/n見たところ、隊員や住民の姿はないようだが……。,,
13540102,2,1,ヴィヴィアン,「――あそこよ！/n　きっとあの建物に避難しているんだわ！」,,
13540102,3,1,ヴィヴィアン,「行きましょう！/n　モンスターの姿が見えないうちに、/n　隊員の皆さんを列車に誘導するのよ！」,,
13540102,4,1,,そう叫ぶと、ヴィヴィアンは/n朽ちかけた駅舎跡に向かって真っ先に駆け出した。/nほかの隊員たちも次々とその後に続く。,,
13540102,5,1,ヴィヴィアン,「まずはけが人を優先！/n　救護班は列車内に待機、順番に回復にあたって！/n　それから――」,,
13540102,6,1,,ヴィヴィアンがてきぱきと指示を出し、/nあっという間に全員の乗車が完了した。,,
13540102,7,1,,よし。一旦ヴォルフォレットに退避だ。/n発車の準備をしながらふと窓の外を見ると、/nヴィヴィアンが一人で佇んでいた。,,
13540102,8,1,,――どうした？　ヴィヴィアン。,,
13540102,9,1,,近づいて声をかけたが、/nヴィヴィアンは身じろぎもせず/n前方を見据えている。,,
13540102,10,1,ヴィヴィアン,「車掌さん……ごめんなさい。/n　先にヴォルフォレットに戻って。/n　私、一緒には行けない」,,
13540102,11,1,,耳を疑い、ヴィヴィアンの肩を引く。/n何を言っているんだ？/nいったい何があった？,,
13540102,12,1,ヴィヴィアン,「この先に……。この幻霧の向こうに、/n　前線に取り残された兵士たちがいるそうなの」,,
13540102,13,1,ヴィヴィアン,「その負傷者たちの治療にあたるため、/n　救護隊のうち数名が前線に残ったって……」,,
13540102,14,1,ヴィヴィアン,「あの子はきっと残ったはず。/n　だって、そういう子だもの」,,
13540102,15,1,,ヴィヴィアンは手作りのネックレスを/nきゅっと握りしめ、ポケットに仕舞った。,,
13540102,16,1,ヴィヴィアン,「私、助けに行くわ」,,
13540102,17,1,ヴィヴィアン,「お願い、車掌さん。行かせて。/n　もちろん一人で行く。迷惑はかけない。/n　私の勝手な行動ということにしてくれていい。/n　だから――」,,
13540102,18,1,,いや、それは許可できない。,,
13540102,19,1,ヴィヴィアン,「そんな……どうして？」,,
13540102,20,1,,ヴィヴィアンを一人で行かせるわけにはいかない。/nミストトレインでこの先に進もう。/nその方が安全だ。/nほかの隊員たちもきっとそう望むはず。,,
13540102,21,1,,それに、……約束しただろう？/nヴィヴィアンの大切な友達に会わせてくれると。,,
13540102,22,1,ヴィヴィアン,「車掌さん……」,,
13540102,23,1,,目を潤ませるヴィヴィアン。/nその体を抱き寄せようとした、――その時。/n二人の間に誰かがニュルっと入り込んできた。,,
13540102,24,1,ブルーゼ,「ブルーゼも行きます」,,
13540102,25,1,ブルーゼ,「ブルーゼはいつでもヴィヴィちゃんと共にあります。/n　どこまででもついていきます。/n　たとえ、この世の果てであろうと」,,
13540102,26,1,ヴィヴィアン,「……ありがとう、ブルーゼ」,,
13540102,27,1,ヴィヴィアン,「でも、できれば『この世の果て』までは/n　行きたくないかな……ふふっ」,,
13540102,28,1,,ヴィヴィアンは目元の涙をぬぐい、笑顔を見せた。,,
13540103,1,1,,幻霧の中を、ミストトレインが\n猛スピードで疾走していく。,,
13540103,2,1,,目指すは国境付近の戦闘地点だ。\n我々の次の任務は、――\n『前線に取り残されたアイゼンクラート軍の兵士、\nおよび救護隊員を救出すること』。,,
13540103,3,1,ヴィヴィアン,「……近いわね。\n　間もなく現場に到着するわ」,,
13540103,4,1,ヴィヴィアン,「みんな、ちょっと聞いて！　今から作戦を伝えるわ！」,,
13540103,5,1,ヴィヴィアン,「ミストトレインが停車したら、遊撃班が幻霧に突撃。\n　敵を引き付けている間に、さらに救出班が突入。\n　兵士たちを確保、列車に回収する――以上よ」,,
13540103,6,1,ヴィヴィアン,「みんな気づいているかもしれないけど、\n　この作戦における遊撃班は囮役よ。\n　危険を伴うから志願者で編成するつもりよ。\n　私と一緒に来てくれる人は、手を挙げて」,,
13540103,7,1,,間を置かず、数名の隊員が挙手した。\n一同の表情には静かな熱が満ちている。,,
13540103,8,1,ヴィヴィアン,「ありがとう、みんな……」,,
13540103,9,1,ヴィヴィアン,「先頭は私に任せて。\n　この中の誰一人として死なせないわ。絶対に」,,
13540103,10,1,,志願者を数えようとしたヴィヴィアンが\nふと手を止める。,,
13540103,11,1,ヴィヴィアン,「えっと……。ブルーゼ。\n　気合いが入っているのはありがたいんだけど、\n　両手を上げないで。人数を数えづらいわ」,,
13540103,12,1,,列車内に笑いが起こる。\n戦闘に向かう緊張感の中でもこうして笑顔が生まれるのは、\nヴィヴィアンが隊員たちに信頼されているが故だろう。,,
13540103,13,1,,霧の晴れ間から、太陽光の筋が差し込んでいる。\nそろそろ目的地だ。\n徐々にスピードを緩めはじめた、――その時だった。,,
13540103,14,1,ヴィヴィアン,「停めて、車掌さんっ！\n　今、外に人が……！」,,
13540103,15,1,,ミストトレインが急停車すると、\nヴィヴィアンはすぐに乗降口から飛び出していった。,,
13540103,16,1,,隊員たちに待機を命じ、外に出ると、\n枯れた大樹の根元にうずくまる人影が見えた。\nアイゼングラートの兵士だろうか。\n怪我でもしているのか、自力では立ち上がれないようだ。,,
13540103,17,1,ヴィヴィアン,「そんな……！　そんなことって……」,,
13540103,18,1,,二人はしばらく何やら言葉を交わしていたが、\nやがてヴィヴィアンが兵士の体を抱え上げ、\nこちらに向かってきた。\n一歩一歩を踏みしめるように、ゆっくりと歩いてくる。,,
13540103,19,1,,――彼女は？　大丈夫なのか？,,
13540103,20,1,ヴィヴィアン,「ええ。気を失っているだけよ。\n　この子、アイゼンクラートの隊員だったわ。\n　私に状況報告をして、そのまま意識を失っちゃった。\n　張りつめていたものが緩んだのね、きっと」,,
13540103,21,1,,隊員の身体を受け取り、ふと気づく。\nヴィヴィアンの様子がおかしい。,,
13540103,22,1,,どうかしたのか？　と聞くと、\nヴィヴィアンは硬い表情でぽつりと言った。,,
13540103,23,1,ヴィヴィアン,「作戦は中止せざるを得ないわ、車掌さん。\n　今すぐヴェルフォレットに帰還しましょう」,,
13540103,24,1,,驚いて言葉を失っていると、\nヴィヴィアンはゆっくりとこちらを見た。,,
13540103,25,1,ヴィヴィアン,「だって……残っていないんです。\n　この先に、救出すべき対象はもう、誰一人として……」,,
13540103,26,1,,『国境付近に取り残されていた兵士、および救護班は全滅』。\nそれが、倒れていた兵士から告げられた事実だった。,,
13540103,27,1,,食堂車の引き戸を開けると、\n目の前にブルーゼが立っていた。,,
13540103,28,1,,こちらをじっと見つめたかと思うと、\nふいと無言で去っていく。,,
13540103,29,1,,……もしかしたら、\n慰め役を託されたのかもしれない。,,
13540103,30,1,,今朝と同じ席に座るヴィヴィアンの\n背中を見て、そう悟った。,,
13540103,31,1,ヴィヴィアン,「車掌さん。……お疲れさま」,,
13540103,32,1,ヴィヴィアン,「……ごめんね。\n　いつもどおりの元気な顔を見せたいんだけど、\n　今はちょっと……無理みたい」,,
13540103,33,1,,そう言いながらも、少しだけ笑顔を見せる。\nテーブルの上にはあの手作りネックレスが置かれていた。,,
13540103,34,1,ヴィヴィアン,「このネックレス、もっと早く渡せればよかった。\n　かなり強力なお守りになったと思うんだけどなあ。\n　せっかく心を込めて作ったのに、渡せなかった」,,
13540103,35,1,ヴィヴィアン,「不思議だよね。\n　こんなに悲しいのに、涙が出ないの。\n　もしかしたら、無意識に我慢してるのかな、私。\n　泣いたら彼女が本当にいなくなっちゃう気がして……」,,
13540103,36,1,,何も言えず、窓の外に視線を向ける。,,
13540103,37,1,,きっと、ヴィヴィアンも\nどこかで理解しているのだろう。\n特鉄隊とは、悲しい別れといつも\n隣り合わせにあるものだということを。,,
13540103,38,1,,戦いに明け暮れるうち、いつか彼女たちが\nこの悲しみに慣れてしまう日は来るのだろうか。,,
13540103,39,1,ヴィヴィアン,「ねえ、車掌さん。\n　このネックレス、キミにあげる。\n　もし嫌じゃなかったら、受け取ってくれる？」,,
13540103,40,1,,嫌なはずがない。\nが、……いいのか？　自分が受け取っても。,,
13540103,41,1,ヴィヴィアン,「そのかわり、ちゃんと持ち歩いてね。\n　このお守り、絶対効果があると思うの。\n　だから……」,,
13540103,42,1,ヴィヴィアン,「……お願い。\n　車掌さんは、絶対にいなくならないで。\n　ずっと私のそばにいるって、約束して……」,,
13540103,43,1,,ヴィヴィアンの声が震える。\n両手でこちらの手を取ると、\n大事そうに自分の頬に当て、目を閉じた。,,
13540201,1,1,ヴィヴィアン,「わあ、けっこう広いのねぇ！\n　知らなかったわ、宿舎の地下に\n　こんなに大きなスペースがあるなんて」,,
13540201,2,1,ヴィヴィアン,「車掌さん、早く入ってきて！\n　ほら見て！　まるで秘密の隠し部屋よ。\n　宝探しみたいでワクワクしない？」,,
13540201,3,1,,その薄暗い地下倉庫は、確かに秘密めいた空間に思えた。\nヴィヴィアンは好奇心に目を輝かせている。,,
13540201,4,1,,ヴィヴィアンは「宝探し」と言ったが、\n我々が探しに来たのはお宝ではなく\nクリスマスツリーを飾るオーナメントである。,,
13540201,5,1,,毎年、このクリスマスの時期になると、\n宿舎の敷地内には立派なツリーが飾られる。\n今回はヴィヴィアンがその飾り付けを仕切るらしく、\n荷物運びを頼まれてついてきたというわけだ。,,
13540201,6,1,ヴィヴィアン,「それにしても、けっこう物が多いわね。\n　思ったより探すのに時間がかかりそうだけど……\n　車掌さん、大丈夫？　お仕事が残ってるんじゃないの？\n　最近ずっと忙しく飛び回ってたみたいだし」,,
13540201,7,1,,いや、こちらのことは気にしなくていい。\n仕事が詰まっていることは確かだが、\nこういう気分転換も必要だからな。,,
13540201,8,1,ヴィヴィアン,「……気分転換？」,,
13540201,9,1,ヴィヴィアン,「……そっか。\n　私にとっては特別な時間でも、\n　車掌さんにとってはただの気分転換なんだ」,,
13540201,10,1,ヴィヴィアン,「……なーんてねっ。\n　私が特別じゃないことくらい分かってますよーだ。\n　キミは『みんなの車掌さん』だもんねっ」,,
13540201,11,1,,なぜか拗ねたようにそう言って、\nヴィヴィアンはランプを持って部屋の奥に行ってしまった。\n光源を失い、周囲が一気に暗くなる。,,
13540201,12,1,,こちらが息抜きできるのは\nヴィヴィアンと一緒にいるときだけだ。\nそれはほかの誰より特別ということなんだが……。\nまあ、このことはまた別の機会に伝えてやろう。,,
13540201,13,1,,それにしても、この部屋は暗すぎるな。\n捜し物をするにはちょっと光が足りない。,,
13540201,14,1,,なあ、ヴィヴィアン。\nここでちょっと待っててくれるか。\n暗いからもう一つランプを持ってくる。,,
13540201,15,1,,そう言って鉄扉のノブを握り、開けようとしたのだが……。,,
13540201,16,1,ヴィヴィアン,「……あ、そうだ。\n　ひとつ大事なことを言い忘れてたわ」,,
13540201,17,1,ヴィヴィアン,「車掌さん、入り口の扉は少し開けておいてね。\n　なぜか外側からしか開かない仕組みになってるらしいの。\n　閉めたら出られなくなっちゃうから、絶対に……」,,
13540201,18,1,ヴィヴィアン,「……え？」,,
13540201,19,1,,……え？,,
13540201,20,1,ヴィヴィアン,「車掌さん、まさか……？」,,
13540201,21,1,,……うん。\nその『まさか』みたいだ。\nガッツリ鍵がかかってる。,,
13540201,22,1,,慌てたヴィヴィアンが駆け寄ってきて、\nガチャガチャとノブを回そうとする。\n……やはり開かない。,,
13540201,23,1,ヴィヴィアン,「ねえ、誰か、誰かいないの～？」,,
13540201,24,1,ヴィヴィアン,「……近くには誰もいないみたいね」,,
13540201,25,1,ヴィヴィアン,「やーん、どうしよう車掌さん。\n　私たち、閉じ込められちゃったみたい」,,
13540201,26,1,,ランプの炎が頼りなく揺れる。\n底冷えする地下室の、さらに室温が下がった気がした。,,
13540202,1,1,,さて、困ったことになった。,,
13540202,2,1,,ヴィヴィアンと二人、クリスマスの飾りを探すために\n地下倉庫に入ったまでは良かったのだが……。,,
13540202,3,1,,分厚い鉄扉の鍵がかかり、\n仲良く閉じ込められてしまったのだ。,,
13540202,4,1,ヴィヴィアン,「……ダメだわ。倉庫の奥をぐるっと探してみたけど、\n　やっぱり出入り口はあの扉だけみたい」,,
13540202,5,1,ヴィヴィアン,「しょうがないわね。こうなれば、のんびり助けを待ちましょ。\n　誰か一人くらいは気づいて探しに来てくれるわ、きっと」,,
13540202,6,1,,ヴィヴィアンはなぜかニコニコしている。\n暗い地下に閉じ込められたというのに、\nやけに楽しげに見えるのは気のせいだろうか。,,
13540202,7,1,ヴィヴィアン,「それより車掌さん、ちょっとこれを見て。\n　今、出口を探してる時に見つけたんだけど」,,
13540202,8,1,,ヴィヴィアンが差し出したのは、\n手のひらに載るくらいの小さな箱だった。\n真っ赤なリボンがかけられ、丁寧に結ばれている。,,
13540202,9,1,ヴィヴィアン,「古い木箱に紛れてたの。\n　ホコリを被っているし、かなり古い物みたいね。\n　渡し損ねたプレゼント、ってところかしら」,,
13540202,10,1,ヴィヴィアン,「せっかくきれいにリボンを結んでもらったのに、\n　今まで解かれずにいたなんて……なんだか可哀想。\n　開けてあげなきゃね」,,
13540202,11,1,,ヴィヴィアンがリボンの端を引く。\n箱の中から出てきたのは――。,,
13540202,12,1,ヴィヴィアン,「『聖なる夜のシャンパーニュ』？\n　これ……香水、よね？」,,
13540202,13,1,,箱の中身は細かなガラス細工が施された小瓶だった。\n蓋のところにポンプのような物が付いている。,,
13540202,14,1,,怪しいな……。\n中に入った液体は本当に香水なのだろうか？\n危険なものが仕込まれている可能性もゼロではない。,,
13540202,15,1,,ヴィヴィアン。危ないからいったん箱に戻せ。\n間違っても自分に吹き掛けてみるようなことは――,,
13540202,16,1,ヴィヴィアン,「え？」,,
13540202,17,1,,――するなよ。\nと言い終える前に、シュッと液体が飛散した。\nヴィヴィアンが目をぱちくりさせる。,,
13540202,18,1,ヴィヴィアン,「……あ。\n　ごめんなさい。もうかけちゃった。\n　でも大丈夫みたい。なんともないわ」,,
13540202,19,1,ヴィヴィアン,「……んー、いい香り！\n　これってシャンパンのフレグランスかしら？\n　素敵！　クリスマスにぴったりだわ。\n　……ね、どう？　車掌さん」,,
13540202,20,1,,ヴィヴィアンがくるりと回ってみせると、\n甘酸っぱい香りがこちらの鼻をくすぐった。,,
13540202,21,1,,……うん、確かにいい香りだ。\nほんのり甘くてさっぱりしていて、\nヴィヴィアンによく似合っている。,,
13540202,22,1,,それに、なんかキラキラ光ってるし。\nキラキラって言うか、ピカピカ……。,,
13540202,23,1,,……ん？,,
13540202,24,1,,――本当に光ってる！,,
13540202,25,1,,ヴィヴィアン、どうした？\nなんていうか、眩しいぞ？\n発光しているという意味で。,,
13540202,26,1,ヴィヴィアン,「きゃっ、……やっ、やだ！　なにこれ～！」,,
13540202,27,1,,信じがたいことに、ヴィヴィアンの身体は\n得体の知れない光を放っていた。\n徐々にその輝度を増したかと思うと、\nしまいにはチカチカとド派手に点滅までし始める。,,
13540202,28,1,ヴィヴィアン,「しゃ、車掌さん、助けて～！」,,
13540202,29,1,,待て。とりあえず落ち着け。\nこの香水のせいか？　そうなのか？\nどうすれば治まるんだ？,,
13540202,30,1,,そうだ、説明書！\n箱に説明書が入ってなかったか？\n……っていうか眩しっ！　眩しいな、オイ！,,
13540202,31,1,ヴィヴィアン,「か、身体が熱い……。\n　しゃしょう、さん……」,,
13540202,32,1,,ヴィヴィアンが救いを求めるように手を伸ばす。\n慌てて受け止めた身体は驚くほど熱かった。,,
13540203,1,1,,怪しい香水のせいで発光・発熱したヴィヴィアンを、\nとりあえず古いソファに横たえる。,,
13540203,2,1,ヴィヴィアン,「しゃしょう、さん……。\n　熱いの……。胸が……苦しい……」,,
13540203,3,1,,光に眩む目をこらしてよく見ると、\nどうやら激しく発光しているのは\n香水を吹き掛けた首元から胸元辺りのようだ。,,
13540203,4,1,,これは……単純に香水を拭き取ればいいのでは？,,
13540203,5,1,,試しにハンカチでヴィヴィアンの首筋を拭いてみる。\n思った通り、拭き取られた部分は発光が治まっていた。,,
13540203,6,1,,ふむ。やはり思った通りだ。,,
13540203,7,1,,む、胸も、……胸も拭かないとな！\nだって光ってるから！　しょうがないから！\nよし、拭くぞ。拭いてやるんだぞ！,,
13540203,8,1,,激しく上下するはち切れそうな胸を薄目で見ながら、\n服の上からおそるおそるコシコシ撫でてやると、\nヴィヴィアンがビクッと身体を震わせた。,,
13540203,9,1,ヴィヴィアン,「あんっ、……だ、だめ……\n　そこはこすったら、……やあ、んっ……」,,
13540203,10,1,,かまわずハンカチでこすり続けると、\nヴィヴィアンがさらに身体をのけぞらせ、身をよじった。\n仕方なく押さえつけ、指先を使って丁寧に拭いてやる。\n苦しそうだから、ついでに揉みほぐして、と……。,,
13540203,11,1,ヴィヴィアン,「……ああんっ、だめ……だって、ば……\n　や、ん……もう、ゆるしてぇ……っ」,,
13540203,12,1,,ヴィヴィアンの抵抗は次第に弱々しくなり、\nこちらがたっぷり堪能しつくした時には\nふにゃふにゃに脱力していた。\n涙に潤んだ目でこちらを見上げ、ぽつりとつぶやく。,,
13540203,13,1,ヴィヴィアン,「車掌さんの、いじわる……」,,
13540203,14,1,,いやいや、断じて違う。\nすべてはヴィヴィアンを助けたい一心でやったことだ。\nやましい気持ちはこれっぽっちもなかったとも。\nだってほら、発光は治まったし、身体が楽になっただろう？,,
13540203,15,1,ヴィヴィアン,「それは……。確かに、そうだけど……」,,
13540203,16,1,ヴィヴィアン,「どうしよう……ぜんぜん力が入らないの。\n　まだまだ起き上がれそうにないかも。\n　ごめんね、車掌さん、お仕事があるのに……」,,
13540203,17,1,,焦らなくていい。\nどうせしばらくはここから出られないんだ。\nせっかくだから二人でのんびりしよう。,,
13540203,18,1,ヴィヴィアン,「…………」,,
13540203,19,1,ヴィヴィアン,「ごめんなさい。車掌さん……」,,
13540203,20,1,ヴィヴィアン,「私、嘘をついてたの。\n　本当は、ここから出ようと思えばすぐに出られたのよ。\n　だって私……あの鉄扉の鍵を持ってるから」,,
13540203,21,1,,……なんだと？,,
13540203,22,1,ヴィヴィアン,「閉じ込められたら危ないからって、管理人さんに渡されたの。\n　お仕事が忙しいのに、巻き込んでごめんなさい。\n　でも私……もう少しだけ閉じ込められたままでいたかったの」,,
13540203,23,1,ヴィヴィアン,「もう少しだけ、車掌さんのことを独り占めしたかったから……」,,
13540203,24,1,ヴィヴィアン,「車掌さん、最近は特に忙しそうだったでしょう？\n　邪魔したらいけないと思って、会いに行くのを我慢してたの。\n　だから今日、作業を手伝うって言ってくれた時、\n　一緒にいられることがすごく、すごーく嬉しくて……」,,
13540203,25,1,,そうだったのか。\n寂しい思いをさせていたんだな。,,
13540203,26,1,,いじらしさがたまらなく愛しく思えて、\n柔らかな頬を手のひらで包む。,,
13540203,27,1,,ヴィヴィアンの肌はしっとりと熱を帯びていた。\n顔が紅いのは、先ほど浴びた香水のせいだろうか。\nそれとも……想いを口にした恥じらいのせいだろうか。\n紅い唇に吸い寄せられるように顔を近づけ、唇を重ねる。,,
13540203,28,1,ヴィヴィアン,「車掌さん……。\n　力が入らないから、私の代わりに扉の鍵、開けてくれる……？\n　車掌さんに見つからないように隠したの。ここに……」,,
13540203,29,1,,ヴィヴィアンの視線が、自分の胸の谷間を指し示した。,,
13540203,30,1,,……やれやれ。\n地下倉庫を出るまでに、まだまだ時間がかかりそうだ。,,
13540301,1,1,,久しぶりに休みが取れたので、\nヴィヴィアンを誘って街に出る約束をした。,,
13540301,2,1,,女子寮の部屋へ迎えにいく途中、\n食堂の前を通りかかったのだが――。,,
13540301,3,1,,ヴィヴィアンとブルーゼが\nおでこを寄せて向かい合っている。\nこんなところで何をしているのだろう？,,
13540301,4,1,ヴィヴィアン,「ねえ、ブルーゼ？」,,
13540301,5,1,ヴィヴィアン,「その紐のついたコインはいったい何なの？\n　さっきからずっとゆらゆら揺らしてるけど、\n　何か意味があるの？」,,
13540301,6,1,ヴィヴィアン,「今日は車掌さんと約束があるって言ったわよね。\n　そろそろ行かないと遅れちゃうんだけど……」,,
13540301,7,1,ブルーゼ,「集中してください、ヴィヴィちゃん！」,,
13540301,8,1,ブルーゼ,「このコインから目を離してはダメです。\n　さあ、最初からもう一度。集中ですよ、集中！」,,
13540301,9,1,ヴィヴィアン,「ご、ごめんてば。分かったわよ。\n　とにかく左右に揺れるコインを目で追えばいいのね？」,,
13540301,10,1,ヴィヴィアン,「ブルーゼの真剣さはビシビシ伝わってくるんだけど、\n　ただ、あまりにも意味が分からなすぎて……」,,
13540301,11,1,ブルーゼ,「そうですね、これはヴィヴィちゃんを守るための\n　おまじないのようなものだと思ってください」,,
13540301,12,1,ヴィヴィアン,「私を守るって、いったい何から？」,,
13540301,13,1,ブルーゼ,「決まっているじゃないですか。\n　あの『2本脚で歩く煩悩』からですよ！」,,
13540301,14,1,ブルーゼ,「あろうことか、私のヴィヴィちゃんを\n　デートに誘うなんて……許すまじ、です！」,,
13540301,15,1,,『2本脚で歩く煩悩』……？\nひょっとしてこちらのことか？,,
13540301,16,1,,確かに、身に覚えはありすぎるが、\nそれにしてもひどい言われようだな。,,
13540301,17,1,ヴィヴィアン,「歩く煩悩……ああ、車掌さんのこと？」,,
13540301,18,1,,あっ、ヴィヴィアンも\n否定してくれない。悲しい。,,
13540301,19,1,ブルーゼ,「さあ、あまり時間がありません。\n　コインを見つめてください。\n　――いきますよ？」,,
13540301,20,1,ヴィヴィアン,「分かった、付き合うわよ。しょうがないわねえ」,,
13540301,21,1,,ブルーゼは紐の先にくくりつけたコインを、\nゆっくりと振り子のように揺らし始めた。,,
13540301,22,1,ブルーゼ,「ほーら、ゆーらゆーら。\n　ヴィヴィちゃんはだんだん眠くな～る」,,
13540301,23,1,ヴィヴィアン,「眠く……」,,
13540301,24,1,ブルーゼ,「眠くて、眠くて、眠くてたまらな～い」,,
13540301,25,1,ブルーゼ,「眠すぎてどこにもおでかけできな～い。\n　だから今日のデートは中止にな～る」,,
13540301,26,1,,……なるほど。読めたぞ。\n催眠術でヴィヴィアンを眠らせて、\n今日のデートを阻止しようというのか。,,
13540301,27,1,,ブルーゼらしい独創的なアイデアだ。\nまあ、さすがに催眠術が\n成功するとは思えないが。,,
13540301,28,1,ブルーゼ,「ねむ～い、ねむ～い、\n　とても……ねむ～い……」,,
13540301,29,1,ブルーゼ,「ね、む～い……」,,
13540301,30,1,,――ん？,,
13540301,31,1,ブルーゼ,「…………」,,
13540301,32,1,,――んん？,,
13540301,33,1,ブルーゼ,「………………」,,
13540301,34,1,ブルーゼ,「……ぐう」,,
13540301,35,1,,あ、寝た。,,
13540301,36,1,ヴィヴィアン,「ブルーゼ……？\n　どうしたの、ブルーゼ！？\n　しっかりして！」,,
13540301,37,1,ヴィヴィアン,「ね、寝てる……！」,,
13540301,38,1,,術者のほうが眠ってしまうという\nベタな展開ではあったが、何にせよ助かった。,,
13540301,39,1,,これで予定どおりヴィヴィアンとデートできそうだ。,,
13540301,40,1,ヴィヴィアン,「あら、車掌さん！\n　わざわざ迎えに来てくれたの？」,,
13540301,41,1,,立ち上がったヴィヴィアンの姿を見て、\nその可愛さに思わず絶句する。,,
13540301,42,1,ヴィヴィアン,「ん？」,,
13540301,43,1,ヴィヴィアン,「どうしたの、車掌さん？\n　目をまん丸に見開いちゃって」,,
13540301,44,1,ヴィヴィアン,「あらー？\n　もしかして、私に見とれちゃった？」,,
13540301,45,1,ヴィヴィアン,「えへ、久しぶりのデートだからって、\n　ちょっと頑張り過ぎちゃったかしら？\n　……ヘンかな？」,,
13540301,46,1,,そんなことはない。可愛い。最高だ。\n今後もぜひこの調子で頑張りすぎてもらいたい。,,
13540301,47,1,ヴィヴィアン,「ふふっ、よかった。\n　鏡の前であれこれコーデに迷った甲斐があったわ♪」,,
13540301,48,1,ヴィヴィアン,「今日は丸一日、予定を空けてあるのよ。\n　車掌さん、私をちゃんと独占してね？」,,
13540301,49,1,ヴィヴィアン,「……と、その前に」,,
13540301,50,1,ヴィヴィアン,「ごめんなさい。\n　ブルーゼったら、寝ちゃったみたいなの。\n　部屋に運びたいんだけど、手伝ってくれる？」,,
13540301,51,1,ヴィヴィアン,「私と車掌さんのデートを阻止しようとしたみたい。\n　きっとこの子も車掌さんとお出かけしたかったのね」,,
13540301,52,1,,いや、たぶん違うと思うが……。,,
13540301,53,1,ヴィヴィアン,「ごめんね、ブルーゼ。\n　みんなの車掌さんだってことは分かってる。\n　でも……今日だけは私に独り占めさせて？」,,
13540301,54,1,,ヴィヴィアンはそう言って、\nスヤスヤと眠るブルーゼの頭を\n優しく撫でるのだった。,,
13540302,1,1,ヴィヴィアン,「車掌さん、早く！\n　こっちこっち！\n　可愛いワンちゃんがいるわよ！」,,
13540302,2,1,,セントイリスの街は多くの人で賑わっていた。\n広場では仲睦まじい家族連れやカップルたちが\n楽しげに休日を過ごしている。,,
13540302,3,1,,……などとよそ見をしながら歩いていたら、\nヴィヴィアンを見失ってしまった。,,
13540302,4,1,,慌てて周囲を見回し、\nやっと見つけた――と思ったら。,,
13540302,5,1,ヴィヴィアン,「あの……困ります。\n　私、連れがいますので」,,
13540302,6,1,,ヴィヴィアンが、何やら見知らぬ男に\n話しかけられているではないか。,,
13540302,7,1,ヴィヴィアン,「お茶だけ、と言われてもですね……。\n　えっ、連絡先！？　それはごめんなさい。\n　で、ですから、コーヒーも無理なんですってば～」,,
13540302,8,1,,一瞬目を離しただけなのに、\nさっそくナンパされてる！,,
13540302,9,1,,慌ててヴィヴィアンの元に駆けつけ、\n男の前に立ちはだかると、\n相手は渋々去って行った。,,
13540302,10,1,ヴィヴィアン,「もう……車掌さんがよそ見してるから、\n　変な人に話しかけられちゃったじゃない」,,
13540302,11,1,ヴィヴィアン,「ねえ？　こういう人ごみでデートするとき、\n　はぐれないためにどうしたらいいか分かる？」,,
13540302,12,1,ヴィヴィアン,「手をつなげばいいのよ♪\n　そうすれば姿を見失うことも、\n　他の人に声を掛けられる心配もないでしょ？」,,
13540302,13,1,ヴィヴィアン,「ほら、はやくぅ」,,
13540302,14,1,,差し出された手を握ると、\nヴィヴィアンが頬を赤らめた。,,
13540302,15,1,ヴィヴィアン,「えっと……自分から言っておいてアレなんだけど。\n　けっこう恥ずかしいわね、人前で手をつなぐのって」,,
13540302,16,1,ヴィヴィアン,「本当は私、慣れてないのよね。こういうの。\n　ついつい余裕のあるフリをしちゃうんだけど」,,
13540302,17,1,ヴィヴィアン,「……車掌さんは？\n　車掌さんもドキドキしてる？」,,
13540302,18,1,,うーん、まあ、多少は。,,
13540302,19,1,ヴィヴィアン,「あっ、ずるーい。\n　私ばっかりドキドキさせて～！」,,
13540302,20,1,,ヴィヴィアンはこちらの腕を取ると、\nぎゅっと身を寄せてきた。,,
13540302,21,1,,――おっと。\nこ、この暖かくてふかふかと柔らかな感触は……！,,
13540302,22,1,ヴィヴィアン,「ドキドキ……してくれた？」,,
13540302,23,1,ヴィヴィアン,「ふふ。これでお・あ・い・こ♪\n　車掌さんの心臓の音、しっかり伝わってきてるわよ？」,,
13540302,24,1,,耳元で囁かれ、\nさらに鼓動を速めていたその時、\n広場でチラシを配っていた男が\nこちらに駆け寄ってきた。,,
13540302,25,1,,――コンテストを開催中です。\nぜひご参加ください！,,
13540302,26,1,,そう言って、一枚のチラシを差し出す。,,
13540302,27,1,ヴィヴィアン,「『ベストカップルコンテスト』……なあに、これ？」,,
13540302,28,1,ヴィヴィアン,「『審査基準はいたってシンプル。\n　もっとも仲良しなカップルが優勝』。\n　へえ。面白そうね」,,
13540302,29,1,ヴィヴィアン,「『参加者はエントリーナンバーバッジを着け、\n　メイン通りで自由にデートを楽しむこと』」,,
13540302,30,1,ヴィヴィアン,「『通行人や店員に扮した審査員が、\n　その様子をこっそり観察、採点し、\n　決勝に進むカップルを選ぶ』……なるほどね」,,
13540302,31,1,ヴィヴィアン,「『ステージで最終審査を行い、優勝者を決定』……ですって」,,
13540302,32,1,ヴィヴィアン,「『優勝賞品は……湖畔にある高級ホテルのペア宿泊券』！？」,,
13540302,33,1,ヴィヴィアン,「素敵！　これってあの有名な\n　『グレイテストスーパー湖畔ホテル』だわ！」,,
13540302,34,1,ヴィヴィアン,「ねえねえ車掌さん、参加してみない？\n　このホテル、一度でいいから泊まってみたかったの～！」,,
13540302,35,1,ヴィヴィアン,「要するに、イチャイチャすればするほど\n　高得点が狙えるってことよね？\n　車掌さんと私なら勝てる気がするわ！\n　ねえ、いいでしょ？　試しに参加してみるだけでも！」,,
13540302,36,1,,――何を言っているんだ、ヴィヴィアン。,,
13540302,37,1,,『試しに参加するだけ』だと？\nこちらを誰だと思っているんだ。\nホテルのペア宿泊券と聞いた瞬間から、\n『優勝』の二文字しか見えていないさ！,,
13540302,38,1,,ヴィヴィアンといちゃいちゃして、ホテルに泊まる。\nこれほど素晴らしい条件は他にない。,,
13540302,39,1,,参加しよう。そして泊まろう。\nその『グレイテストスーパー股間ホテル』とやらに！,,
13540302,40,1,ヴィヴィアン,「でも、さすが車掌さんね。\n　こんなに乗り気だなんて嬉しいわ♪\n　それじゃ、早速エントリーしに行きましょう！\n　それと――」,,
13540302,41,1,ヴィヴィアン,「指摘するかどうか迷ったけど、\n　コカンじゃなくてコハンホテルね。\n　湖のそばにあるホテル、っていう意味だから」,,
13540302,42,1,,というわけで、ヴィヴィアンと２人、\n『ベストカップルコンテスト』とやらに\n参加することになったのだった。,,
13540302,43,1,ヴィヴィアン,「ん～♪\n　このパフェ、美味しい！\n　おっきなイチゴがたーっぷり入ってて、\n　お口の中が幸せでいっぱ～い♪」,,
13540302,44,1,,ヴィヴィアンにせがまれ、\n通りに面したカフェに立ち寄った。,,
13540302,45,1,,特大のパフェを前に、\nヴィヴィアンは大はしゃぎだ。,,
13540302,46,1,ヴィヴィアン,「ねえ、車掌さんも食べてみる？\n　すっごく美味しいわよ！」,,
13540302,47,1,,ああ、そうだな。\n一口もらおうか、とスプーンに手を伸ばすと、,,
13540302,48,1,ヴィヴィアン,「違うでしょ！」,,
13540302,49,1,ヴィヴィアン,「審査員がどこに紛れてるか分からないのよ？\n　今こそ仲良しアピールのチャンスだわ！」,,
13540302,50,1,,そうか、そうだったな！,,
13540302,51,1,,しかし、アピールと簡単に言うが、\nいったいどうしたらいいんだ？,,
13540302,52,1,ヴィヴィアン,「大丈夫、私に任せて！」,,
13540302,53,1,ヴィヴィアン,「車掌さん、はい、あーん♪」,,
13540302,54,1,,……あーん♪,,
13540302,55,1,ヴィヴィアン,「ふふ、おいしい？」,,
13540302,56,1,ヴィヴィアン,「あ。車掌さん、お口にクリームがついてるわよ。\n　違う、そっちじゃなくてもっと下。……違うってば」,,
13540302,57,1,,ヴィヴィアンがこちらの口元を指で拭い、\nついたクリームをぺろりと舐める。,,
13540302,58,1,ヴィヴィアン,「もう、車掌さんてば。\n　私の前ではいつも子供みたいなんだから♪」,,
13540302,59,1,,ヴィヴィアンがにっこり微笑むと、\n直後、周囲から紙にペンを走らせる音が聞こえた。,,
13540302,60,1,,審査員が用紙に点数を書き込んだ音に違いない。\n今のはかなりの高得点が期待できそうだ。,,
13540302,61,1,ヴィヴィアン,「この調子で、デートを満喫しましょ♪」,,
13540302,62,1,,ヴィヴィアンの完璧すぎるウインクに、\nこちらは両目をキュッとつぶって応えたのだった。,,
13540303,1,1,,湖畔ホテルのペア宿泊券に釣られ、\n『ベストカップルコンテスト』に\nヴィヴィアンと２人で参加することになった。,,
13540303,2,1,,２人の親密さを審査員にアピールするため、\n次々に炸裂するヴィヴィアンのあざと可愛さに、\nこちらは舌を巻くばかりなのだった――。,,
13540303,3,1,ヴィヴィアン,「しゃ・しょーう・さんっ。\n　このネックレス、どう？　似合ってる？」,,
13540303,4,1,ヴィヴィアン,「やだ、チェーンが絡まっちゃったみたい。\n　お願い。髪を上げてるから、留め金を外してくれる？\n　……優しくしてね？」,,
13540303,5,1,,ーーーー,,
13540303,6,1,ヴィヴィアン,「車掌さん、このサンダル、試しに履いてみたいの。\n　ちょっとここにしゃがんで、肩を貸して？」,,
13540303,7,1,ヴィヴィアン,「……こーらっ。顔を上げちゃダメだってば。\n　スカートの中、見えちゃうでしょ？」,,
13540303,8,1,,ーーーー,,
13540303,9,1,ヴィヴィアン,「ありがとう、車掌さん♪\n　大切にするわね、このサンダル。\n　だって、大好きな車掌さんからのプレゼントだもの」,,
13540303,10,1,ヴィヴィアン,「うん、やっぱり可愛い！\n　サイズもぴったりだし、ヒールの高さも……きゃっ！」,,
13540303,11,1,ヴィヴィアン,「いたぁい……。\n　慣れない靴ではしゃいで歩いてたら、バランス崩しちゃった」,,
13540303,12,1,ヴィヴィアン,「足首、ひねったかも。\n　……ねえ、おんぶしてくれる？」,,
13540303,13,1,,ヴィヴィアンをよいしょと背負ったところで、\n通りすがりの男性がスッと近づいてきた。,,
13540303,14,1,貴族,「おめでとうございます。\n　お２人、決勝戦に進出決定です！」,,
13540303,15,1,,周囲から拍手が沸き起こり、\n思わずヴィヴィアンと顔を見合わせる。,,
13540303,16,1,ヴィヴィアン,「――やった、やったわ！\n　車掌さん、決勝進出よ！」,,
13540303,17,1,,足首をひねったはずのヴィヴィアンは、\nこちらの背中から飛び降りて華麗に着地し、\n勝利のポーズを決めて見せたのだった……。,,
13540303,18,1,,ーーーー,,
13540303,19,1,貴族,「さあ、ベストカップルコンテスト、\n　決勝に残ったのは、こちらの５組です！」,,
13540303,20,1,,念願叶って決勝まで進み、\n残るは最終審査のみとなった。,,
13540303,21,1,,ステージ上に立つヴィヴィアンは、\n盛り上がる観衆たちに手を振り、\n笑顔を振りまいている。,,
13540303,22,1,ヴィヴィアン,「最終審査って、何をするのかしらね？」,,
13540303,23,1,ヴィヴィアン,「二人羽織でパスタを食べるとか？\n　あ、もしかしたらジェスチャークイズかも？」,,
13540303,24,1,ヴィヴィアン,「どんな競技だろうと、全力を尽くすのみ。\n　私と車掌さんのコンビネーションなら、きっと勝てるわ！」,,
13540303,25,1,,ヴィヴィアンが力強く言った、\nその直後だった。,,
13540303,26,1,貴族,「最終審査は……」,,
13540303,27,1,貴族,「――キス対決です！」,,
13540303,28,1,ヴィヴィアン,「！？」,,
13540303,29,1,ヴィヴィアン,「えっ……キス？\n　キスって言ったの？」,,
13540303,30,1,貴族,「ステージ上で濃厚なキスを交わしてください！\n　より刺激的なカップルが優勝です！」,,
13540303,31,1,貴族,「それでは……どうぞ！」,,
13540303,32,1,ヴィヴィアン,「ちょ、ちょっと待って……」,,
13540303,33,1,,見ると、他の４組はすでに戦闘態勢に入っていた。,,
13540303,34,1,,つまり、直視できないほどの\n濃厚なキスを交わしていたわけで……。,,
13540303,35,1,ヴィヴィアン,「わっ、わわわっ……！」,,
13540303,36,1,ヴィヴィアン,「わ、私……」,,
13540303,37,1,ヴィヴィアン,「……」,,
13540303,38,1,ヴィヴィアン,「だ、大丈夫。私なら平気よ、車掌さん」,,
13540303,39,1,ヴィヴィアン,「だって……２人で頑張ってここまで勝ち上がったんだもの。\n　みんな盛り上がってるし、今さら後には引けないわ。\n　優勝するためには、これくらいのこと……」,,
13540303,40,1,,ヴィヴィアンの手を握ると、\n微かに震えているのが分かった。\n当然だ。平気なはずがない。,,
13540303,41,1,,――逃げよう。,,
13540303,42,1,ヴィヴィアン,「えっ」,,
13540303,43,1,,――いいから。このまま逃げるぞ。\nせーのっ。,,
13540303,44,1,ヴィヴィアン,「えええっ！？」,,
13540303,45,1,,つないだヴィヴィアンの手を引き、\nステージを飛び降りる。,,
13540303,46,1,貴族,「あっ、ちょっと！\n　戻らないと失格になりますよ！」,,
13540303,47,1,,司会者の呼び止める声を振り切るように、\nヴィヴィアンの手だけは放さないように、\nただ夢中で、暗がりへと走ったのだった。,,
13540303,48,1,,ーーーー,,
13540303,49,1,,街の灯りから逃れるように、必死で走った。\n小高い丘を駆け上がり、ようやく足を止める。,,
13540303,50,1,ヴィヴィアン,「はあ……はあ……はあ……」,,
13540303,51,1,ヴィヴィアン,「……」,,
13540303,52,1,ヴィヴィアン,「ふふっ」,,
13540303,53,1,ヴィヴィアン,「あはっ、あはははっ」,,
13540303,54,1,,ちょっと待て。なぜ笑うんだ。\nこちらは決死の覚悟で逃げ出したっていうのに。,,
13540303,55,1,ヴィヴィアン,「ふふっ、ごめんなさい。\n　だって、車掌さんたらものすごい形相で走り出すんだもの。\n　しかも、勢い余ってこんな所まで逃げてきちゃって」,,
13540303,56,1,ヴィヴィアン,「……」,,
13540303,57,1,ヴィヴィアン,「でもね。\n　……すごくかっこいいと思った」,,
13540303,58,1,ヴィヴィアン,「ありがと、車掌さん。\n　私が、本当はあの場から逃げ出したかったことを察して、\n　連れ出してくれたのよね？」,,
13540303,59,1,,それもあるが……。,,
13540303,60,1,,こちらも嫌だったんだ。\nヴィヴィアンがキスしている顔を、\n他の奴らに見られるのが。,,
13540303,61,1,ヴィヴィアン,「もう、参っちゃうなあ。\n　ドキッとするようなこと、平気で言うんだもん。\n　キミのそういうところ、本当に……」,,
13540303,62,1,,……本当に？,,
13540303,63,1,ヴィヴィアン,「本当に……。\n　ううん、何でもない！」,,
13540303,64,1,ヴィヴィアン,「それより、これ」,,
13540303,65,1,,ヴィヴィアンは、革製のブレスレットを２つ取り出した。,,
13540303,66,1,ヴィヴィアン,「コンテストの参加賞としてもらったの。\n　２人の名前が革に彫ってあるのよ。ほら」,,
13540303,67,1,ヴィヴィアン,「今日のいい記念品になるわね。\n　着けてあげるわ。手を出して」,,
13540303,68,1,,ブレスレットを着けてもらい、\nあれ、と首をかしげる。,,
13540303,69,1,,なあ、これ、間違えてるぞ。\nヴィヴィアンの名前が入ってる。,,
13540303,70,1,ヴィヴィアン,「いいのよ、これで。\n　ねえ、私にも着けて？\n　車掌さんの名前が入ってるほう」,,
13540303,71,1,ヴィヴィアン,「ここをこうして……違うわよ、ここに通すの。\n　もう、不器用ねぇ。ふふっ」,,
13540303,72,1,,身を屈め、必死で留め具と格闘していると、\n不意にヴィヴィアンの唇が頬に触れた。,,
13540303,73,1,ヴィヴィアン,「このキスは……今日のお礼。\n　素敵な一日をありがとう。\n　おかげで明日からもがんばれそうだわ」,,
13540303,74,1,ヴィヴィアン,「湖畔のホテルに泊まることは叶わなかったけど、\n　今度、お弁当を持って湖へピクニックにでも行きましょう。\n　ブルーゼや、ほかのみんなも誘って」,,
13540303,75,1,,ああ、そうだな。\n楽しみにしてるよ。,,
13540303,76,1,,ヴィヴィアンの肩を抱き寄せ、\n２人で街の灯りを見下ろす。,,
13540303,77,1,ヴィヴィアン,「ねえ、車掌さん？」,,
13540303,78,1,ヴィヴィアン,「今なら、誰も見ていないけど……。\n　どうする？」,,
13540303,79,1,,見下ろすと、ヴィヴィアンは耳まで赤く染めていた。,,
13540303,80,1,,少し迷ってから、唇ではなく頬に口づけると、\nヴィヴィアンはムッと唇をとがらせてから、\nほどけたようにふわりと微笑んだのだった。,,
23520104,1,1,ヴィヴィアン,「んー、どうしよっかな。やっぱり明るい色がいいかなって\n　思うんだけど……でも白ベースだとやりすぎよね」,,
23520104,2,1,,次々とシングルソファの背もたれに折り重なっていく、\n鮮やかな服の数々。,,
23520104,3,1,,さすがおしゃれには一家言あるヴィヴィアンの部屋だ、\nと感心しながら着替えを待つ。,,
23520104,4,1,ヴィヴィアン,「よし、これにしてみよう！　ちょっと待ってね」,,
23520104,5,1,ヴィヴィアン,「んしょ……っと、これでどう？」,,
23520104,6,1,,ヴィヴィアンの部屋には、お手製のカーテンで仕切られた\n即席のドレッシングルームがある。\n先程から、その中に入っては着替え、を繰り返しているのだ。,,
23520104,7,1,ヴィヴィアン,「どう、車掌さん？　似合う？　うん、ありがと♪\n　でも……ちょっとハデすぎよね。一旦おいとこっか」,,
23520104,8,1,,一旦おいとく服として、またもソファの背もたれに重なる。\nかれこれ一時間はこうしているんじゃないだろうか。,,
23520104,9,1,ヤクーツク,「あら、車掌。ヴィヴィアンの部屋でなにやってるのよ。\n　のぞき？」,,
23520104,10,1,,失礼な。風評被害もいいところだ。,,
23520104,11,1,ヴィヴィアン,「あっ、ヤクーツク！\n　ねえ、今夜の式典に何を着ていったらいいと思う？」,,
23520104,12,1,ヤクーツク,「ああ……それでファッションショーを始めてるのね。車掌、お疲れ様」,,
23520104,13,1,ヴィヴィアン,「ねえ、ちょっと意見を……って、ヤクーツク！？\n　まさかその服で行くつもりなの！？」,,
23520104,14,1,ヤクーツク,「何か問題でも？　一応、これは正装なんだけど」,,
23520104,15,1,,もっと言ってくれ、と内心で援護する。\nヴィヴィアンのドレスはどれも可愛らしくて素敵だし見てみたいのだが、\nさすがに服選びにつきあうのにも疲れてきたところなのだ。,,
23520104,16,1,,ヤクーツクのように軍服で行かないにしても、そろそろ妥協点を見つけてほしい。,,
23520104,17,1,ヴィヴィアン,「うう、私……もう自分がどこに向かってるのか分かんなくなってきたぁ……」,,
23520104,18,1,ヤクーツク,「じゃ、私は先に行ってるから。車掌、ちゃんと最後までつきあうのよ」,,
23520104,19,1,,見捨てるつもりもないが、何故そこで念押しをするんだ……。,,
23520105,1,1,,これで最後にするから。\nそう言ってカーテンの向こうにヴィヴィアンが姿を消してから、\n十分程度経過しただろうか。,,
23520105,2,1,,着替えるにしては、少し時間がかかりすぎているような気がするし、\nカーテンの向こうから衣擦れの音も聞こえない。,,
23520105,3,1,,何かあったのではとカーテンの中へ入ると――,,
23520105,4,1,ヴィヴィアン,「ちょ、ちょっと車掌さん！？　ま、待ってよ、何しにきたのよ！」,,
23520105,5,1,,シャツを羽織った状態で悩んでいるヴィヴィアンの姿があった。\n驚くヴィヴィアンに、慌てて手のひらで目を覆って見てないアピールをする。,,
23520105,6,1,,だが、脳裏にはしっかりとコンマ数秒単位で目に焼き付いた\nヴィヴィアンの裸身が映っている。,,
23520105,7,1,ヴィヴィアン,「車掌さん……ちょっと……。もう、しょうがないなぁ……」,,
23520105,8,1,,ヴィヴィアンに目を覆っていた両手をとられ、その勢いで唇を奪われた。\n積極的なヴィヴィアンに動揺していると、\nそのままシングルソファに押し倒される。,,
23520105,9,1,ヴィヴィアン,「ほら……んっ、はぁっ……そんなふうに大きくしてたら、パーティなんか\n　行けないでしょ。ちゃんと私がすっきりさせてあげるから……♪」,,
23520105,10,1,,手早く脱ぎ散らかしたこちらの上にまたがったヴィヴィアンは、\n怒張しきったこちらの肉棒をゆっくりとその秘裂に導いていく。,,
23520105,11,1,ヴィヴィアン,「ねぇ……こんなふうにしてるのは、私の身体を見たから、\n　ってことでいいんだよね……？」,,
23520105,12,1,,質問の意図をはかりかね、うかつにイエスと答えたら\nドン引きされるのではと警戒する。\nかと言ってウソをつくわけにもいかない。,,
23520105,13,1,ヴィヴィアン,「そう、なんだ……♪　んっ、はぁ……っ、よかった。\n　それって私に魅力を感じてくれてるってことだよね♪」,,
23520105,14,1,ヴィヴィアン,「車掌さんってば何を着ても、うんまあいいと思う、しか言ってくれないから\n　私に女の子としての興味を失くしちゃったのかと思ってたんだよ……」,,
23520105,15,1,,ドレス選びに疲れて、後半のリアクションがおざなりになっていた自分を\n振り返り、申し訳無さに胸が締められる。,,
23520105,16,1,ヴィヴィアン,「でも……そんなことないってことで、いいんだよね……？\n　だって、こんなに固く勃たせちゃってるんだもんね♪」,,
23520105,17,1,ヴィヴィアン,「気のせいだとは思ってたけど、よかった♪\n　じゃあ、んっ、ほらぁ……もっと動くからねっ……ん、はぁんっ……」,,
23520105,18,1,,いつも自信に満ち溢れて美しさをふりまいているヴィヴィアンを、\n一瞬でもそんなふうに自信を失わせてしまうとは、指揮官失格だと反省する。,,
23520105,19,1,ヴィヴィアン,「本当にそう思うんなら、もっと固くして……\n　もっと私の奥に入ってきて……？\n　それで、私のこと気持ちよくしてくれたら……許してあげる♪」,,
23520105,20,1,,お詫びの気持ちもさることながら、こんなふうに煽られてしまっては\n高まる興奮を自らの分身でぶつけるほかない。,,
23520105,21,1,,下から突き上げるというよりは、華奢な彼女の腰をつかんで揺するように\n二人の繋がった部分をこすりあわせ、激しく律動する。,,
23520105,22,1,ヴィヴィアン,「んっ、はぁあああんんっ！？　あっ、はげしっ……んんっ、\n　気持ちいいとこに、んんっ、いっぱい当たってぇ……はぁっ、あぁっ」,,
23520105,23,1,,抜き差しするごとに大きく揺れるのは、ヴィヴィアンの豊かな双丘。\nたまらず、その柔らかな渓谷に顔をうずめるようにしながら、舌を這わせる。,,
23520105,24,1,ヴィヴィアン,「あっ、やぁっ、んんっ……はぁんっ、だめぇ、そこ、気持ちいいとこっ……\n　やぁんっ、舌でこりこりしたらぁ、\n　気持ちよくて、あっ、ぼーっとしてきちゃうぅ……」,,
23520105,25,1,,その胸元の果実の先端を舌先と前歯で弄んでいくと、\n連動しているかのようにこちらの雄を捉えている蜜肉が\nうごめいていくのが感じられた。,,
23520105,26,1,ヴィヴィアン,「んはぁっ……あっ、あぁん……っ！\n　や、やだぁ、私が車掌さんを気持ちよくさせてあげるつもりで始めたのに……\n　これじゃ私が気持ちよくしてもらってぇ……っ、\n　んっ、あはぁあうんっ……！」,,
23520105,27,1,ヴィヴィアン,「んっ、はぁんっ、だめぇ……これ以上は、はげしいのだめなのぉ……\n　あぁうっ、ぅんっ……パーティにも行かなきゃいけないのにぃ……\n　こんなにエッチなことで頭いっぱいにされちゃったらぁ、\n　パーティ行けないぃ……」,,
23520105,28,1,,なら、互いにすっきりと頭をクリアにするために、と更に奥へと突き立てる。\n絶頂を迎えてしまえば、きっとこの煩悩もウソのように消えるはずだ。,,
23520105,29,1,ヴィヴィアン,「はぁああんっ、んっ、分かったぁ……っ、あぁっ、きてぇっ……\n　しゃしょぉさんにっ、はぁんっ、はげしくしてもらってすっきりするのっ、\n　んっ、ふぁあああっ、も、もうガクガクしちゃってぇ、たおれそうっ……」,,
23520105,30,1,,こちらの竿肌と何度もこすれあうヴィヴィアンの膣襞の感触を味わいつつ、\n互いに見つめ合いながら、荒い呼吸に肩を弾ませる。\n双方の体温をその身で確かめ合ううちに、\n絶頂までの距離感すら共有したかのようで。,,
23520105,31,1,ヴィヴィアン,「んっ、はぁあううっ、しゃしょぉさんっ、くるんでしょっ……\n　んっ、はぁっ、いっぱいきてっ、\n　いっしょにきもちよくなりたいのっ、んっ、あぁああっ！」,,
23520105,32,1,,二人の想いが一致したと確信した瞬間。\nヴィヴィアンの奥へすべてをぶつける。,,
23520105,33,1,ヴィヴィアン,「あぁぅ、んっ、はぁぁぁああああぁ――っん！」,,
23520105,34,1,,絶頂に震えたヴィヴィアンの身体は、やがてぐったりと力を失う。\n快楽の衝撃を受けて、目に涙を浮かべながらヴィヴィアンは微笑んだ。,,
23520105,35,1,ヴィヴィアン,「んっ、はぁっ……車掌さん、私すごく幸せ。\n　言葉で可愛いって言われるのも嬉しいけど……気持ちイイほうがいいよね♪」,,
23520105,36,1,,ひとまず、二人とも全裸というわけにもいかないので服を着直す。\nその上で、ヴィヴィアンは折り重なったドレスたちを前にうなっていた。,,
23520105,37,1,ヴィヴィアン,「結局……まだパーティに着ていくドレスが決まってないんだよね……\n　どれも良かった、なんて言わないで車掌さんに決めてほしいな♪」,,
23520105,38,1,,突如、退路を断たれる。\n一番ぐっときたのは何かと言われれば……。,,
23520105,39,1,ヴィヴィアン,「え、裸？　ふうん、私が全裸でパーティに行ってもいいのね？\n　って、そんなのダメに決まってるでしょ！　もうっ！」,,
23530104,1,1,ヴィヴィアン,「そうね。確かに不便ではあるのよね」,,
23530104,2,1,ペナンヒル,「大元から失くしたいわけじゃないんだよね。\n　だから……困るときだけ、ぱっと消せたらなって」,,
23530104,3,1,,寮の廊下でヴィヴィアンとペナンヒルが何やら話し込んでいる。\nヴィヴィアンの手にはカゴいっぱいの薄紫の花があった。,,
23530104,4,1,ヴィヴィアン,「あ、車掌さん。うん、ちょっと今、ペナンヒルの相談を受けてたの」,,
23530104,5,1,ペナンヒル,「うちの特殊な汗のこと。虫とか寄ってきちゃうやつ」,,
23530104,6,1,,ペナンヒルは特殊な体質で、汗をかくと虫を引き寄せる甘い匂いを\n発生させてしまう。,,
23530104,7,1,ペナンヒル,「四六時中、虫にたかられるのは、さすがにうちも困るんだよね」,,
23530104,8,1,,それでさっきの会話に繋がるのか。,,
23530104,9,1,ヴィヴィアン,「体質を変えるならお医者さんの話だけど、別に失くしたくはないんだって。\n　消しときたいときに消せたら……ってことで、私に相談してくれたの」,,
23530104,10,1,,なるほど。\n自ら香水も作るヴィヴィアンなら、ペナンヒルの強い匂いをも打ち消す\n強力な香水を作れるかもしれない。,,
23530104,11,1,ヴィヴィアン,「それより、消臭効果のある薬草とかで、匂いがしないようにする、\n　っていう方法がいいと思うのよね～」,,
23530104,12,1,ヴィヴィアン,「強い匂いどうしぶつかったら、\n　匂いが強すぎて周りの人が倒れちゃいそうな気がして」,,
23530104,13,1,ペナンヒル,「ってことで、気が向いたときにでも研究してみてって頼んだの。\n　別に今さら急ぐ話でもないし」,,
23530104,14,1,ペナンヒル,「今日はその花で、新しい香水作んの？」,,
23530104,15,1,ヴィヴィアン,「そうなの！　この花が香水の原料になるのよ。この前の任務で行った\n　場所にたくさん自生してたから採ってきたの」,,
23530104,16,1,ペナンヒル,「んじゃ、よろ。ほんと、ヒマだったらでいいからさ」,,
23530104,17,1,ヴィヴィアン,「うん、おっけ～♪」,,
23530104,18,1,ヴィヴィアン,「あ、そうだ、車掌さん。あとで私の部屋に来てよ。\n　今から作る新作の香り……最初に車掌さんに試してみてほしいのよ♪」,,
23530104,19,1,,出来上がりが楽しみだと応じて、部屋を訪ねる約束をして、\nその場は別れたのだった。,,
23530105,1,1,,ヴィヴィアンの部屋のドアをノックすると、施錠されていなかったのか、\nゆっくりドアが開いた。\nちらりと見えた室内では、ヴィヴィアンが倒れている。,,
23530105,2,1,,慌てて室内に突入すると、すぐに濃密な空気に気付く。\nどうやら調香している最中に予想外の成分が発生してしまったようだ。,,
23530105,3,1,,慌てて窓を開けて換気して、ヴィヴィアンを抱き起こす。,,
23530105,4,1,ヴィヴィアン,「うっ……車掌さん……ごめんね、こんなはずじゃなかったのに……」,,
23530105,5,1,,気分はどうなのか。\nすぐに医務室に運ぶから、と彼女を抱き起こそうとしたところで、\nぎゅっと袖をつまんで制止される。,,
23530105,6,1,ヴィヴィアン,「ううん、医務室は平気……それより、ねえ、これ……」,,
23530105,7,1,,ふいにこちらの股間を撫でるヴィヴィアン。\nそれで初めて気づいたが、痛いほど勃起していた。\n何故こんな不謹慎な、と慌てる自分に\nヴィヴィアンは微笑んでかぶりを振った。,,
23530105,8,1,,続いて下着を脱ぎ、自身の秘部を指で開いてみせる。\nそこはねっとりと糸を引いていた。,,
23530105,9,1,ヴィヴィアン,「んっ、はぁっ……あっ、あぁっ……いきなりっ、そんな……っ、\n　あぁっ、でもすぐに馴染んでるっ……んっ、あはぁっ……！」,,
23530105,10,1,,その痴態にたまらず、こちらも慌てて服を脱ぎ去ると、\nすぐにヴィヴィアンと繋がる。,,
23530105,11,1,,自分でも、倒れたヴィヴィアンを見て勃起するなんて異常だと思ったし、\n一方の彼女も、いきなり下着を脱いで自分で\n秘部を開いて見せつけるなんて考えられない行動だ。,,
23530105,12,1,ヴィヴィアン,「んっ、はぁんっ……あんっ、たぶんこれ、調香に失敗してっ……はぁっ、\n　花の成分に媚薬効果が含まれてたんだと思うのっ……」,,
23530105,13,1,,つまり、香水の影響で性欲が強くなってしまっているのか。\n自分はもちろんのこと、ヴィヴィアンでさえも。,,
23530105,14,1,ヴィヴィアン,「嗅いでる時間は、私の方が長かったわけだし……っ、んっ、はぁっ、\n　だから……これが収まらないと医務室なんて無理っ……」,,
23530105,15,1,ヴィヴィアン,「それに、変な毒素がないことは私も知ってるわ。媚薬効果だって、\n　調香を間違わなければ、ちょっとモテるかな、程度で……」,,
23530105,16,1,,そんな程度の効果もすぎればこんな事態になるとは……。\nはちきれそうなほど膨張している肉棒から、\n熱された血液が全身に巡っていくかのようだった。,,
23530105,17,1,,それで火照る身体が静まるのかどうかも分からないのに、\nただひたすらに目の前のヴィヴィアンの身体を求めてしまう。,,
23530105,18,1,ヴィヴィアン,「んっはぁんんっ……！　あ、あはぁっ、私のこと、誤解しちゃやだよっ！\n　こんな、エッチな子だと思わないでよね……」,,
23530105,19,1,,それはお互い様だ。\nこちらもどうか誤解しないでほしいとしか言いようがない。,,
23530105,20,1,,二人はお互いに、自分はエッチじゃない、こんなつもりじゃない、と\n繰り返しながら、何度も激しく抽送を繰り返していく。,,
23530105,21,1,ヴィヴィアン,「んっ、はぁああんっ、ダメなのっ、腰もっ、手もっ、止まらなくてぇ……！\n　ここ、おっぱいっ、触るの気持ちよくてぇ、止められないぃ……！」,,
23530105,22,1,,先程からずっと、ヴィヴィアンは自らの乳首を触りながら、\nこちらの肉棒を受け入れている。,,
23530105,23,1,,まだ苦しげだった表情もいつしか、すっかり快楽に染まりつつあった。,,
23530105,24,1,ヴィヴィアン,「はぁっ、あはぁああっ、頭の奥がしびれてくるぅっ、んっ、あぁんっ！\n　もっとぉ、はぁっ、奥のとこ、もっと突いてほしいのぉっ！」,,
23530105,25,1,,こちらの身体の上で激しく身悶え、踊るヴィヴィアン。\n豊かな胸が、突き上げるごとにゆさゆさと重量感たっぷりに揺れていた。,,
23530105,26,1,ヴィヴィアン,「どうしようっ、はぁっ、こんなとこキミに見せたくないのにっ、\n　んっ、んあああっ、だめぇ、勝手に身体が動いちゃうよぉっ、\n　んはぁ、あぁああううっ、もっと、もっとちょうだいっ……！」,,
23530105,27,1,,潤んだ媚肉の熱い抱擁に、肉竿は快楽に震え始め、\nその限界が近いことが伝わってきていた。,,
23530105,28,1,ヴィヴィアン,「あぁっ、止まらないっ、どうしようっ、イッたら止まるかなっ！？\n　あぁああんっ、もっと奥っ、奥におちんちんちょうだぁああいいっ！」,,
23530105,29,1,,激しく乱れるヴィヴィアンの嬌声が響く。\nその姿に欲情を煽られ、彼女のリクエストに応えるように深く突き上げた。,,
23530105,30,1,ヴィヴィアン,「ひぁあああんっ！？　はぁあっ、すごいのっ、気持ちいいとこぉ、\n　あっ、あたってぇ……！　んぁああっ！」,,
23530105,31,1,ヴィヴィアン,「はぁっはぁああうっ、キミのおちんちんっ、すごくいいのぉっ……！\n　熱いのがっ、私のぉ、おまんこの中でいっぱい暴れててぇっ！\n　もうだめぇ、気持ちいいので頭いっぱいになっちゃうぅぅっ！」,,
23530105,32,1,,もうどこを見ているのかも分からないヴィヴィアンの表情。\nしかし、こちらも深く考えられないのは同じで、\nただただ、夢中になって彼女の身体を貪っていった。,,
23530105,33,1,ヴィヴィアン,「あはあぁぁああっ、んっ、んぁああっ、もうイッちゃううぅぅっ、\n　お願い、ナカにちょうだいっ、絶対、ナカにくれなきゃだめだからぁああっ」,,
23530105,34,1,ヴィヴィアン,「あっ、あぁああっ、濃いのっ、ちょうだいっ、\n　いっぱいちょうだいっ、あぁああああっ――！」,,
23530105,35,1,,指定どおり、ヴィヴィアンのナカへと存分に精液を吐き出す。\n注ぎ込まれた熱量に身を震わせ、ヴィヴィアンはぐったりと脱力した。,,
23530105,36,1,ヴィヴィアン,「はぁっ、はぁっ、も、もうだめ……動けないぃ……！\n　でも、すっごい気持ちよくて、はぁっ、最高だったわ……」,,
23530105,37,1,,絶頂後に少し冷静さを取り戻し、本来の目的を思い出す。\n一度、絶頂に達したことで身体の熱はだいぶ落ち着いていたようだった。,,
23530105,38,1,ヴィヴィアン,「うん……す、少し効果は抜けてきたかも……でもぉ、まだふわふわして……\n　もう1回だけしても、いいでしょぉ……♪」,,
23530105,39,1,,ヴィヴィアンの甘い誘いに、すぐさま下半身が反応する。\nそれはどこまでが、調香の影響だったのかどうか――,,
23530204,1,1,,ヴィヴィアンに呼び出されていた。\nやけに念を押されたので、何かと思って向かうと……。,,
23530204,2,1,ヴィヴィアン,「車掌さん、来てくれたのね」,,
23530204,3,1,ヴィヴィアン,「うふふ、ニシキ風のヴィヴィちゃんよ～、なーんて♪」,,
23530204,4,1,,やや、もったいぶった様子で、ヴィヴィアンが登場した。\nニシキ風の衣装とケモ耳姿だ。\nその場でくるりと回ってみせる。スカートが揺れた。,,
23530204,5,1,ヴィヴィアン,「車掌さんったら、何も言ってくれないのね。\n　似合ってなかったかな。結構、かわいいと思ったんだけど……」,,
23530204,6,1,,もちろん、似合っている。正直に言えば見惚れて声を失っていた。\nニシキ風の衣装を身に着けたヴィヴィアンは、\n普段とは違った印象で、そのギャップにドキドキしていた。,,
23530204,7,1,ヴィヴィアン,「そうね、車掌さんにかわいいと思ってもらえたなら良かったわ。\n　せっかく、着てみたんだもの……」,,
23530204,8,1,ヴィヴィアン,「やっぱり、車掌さんに見てもらって、可愛いと思われたいじゃない」,,
23530204,9,1,,うん、良いものを見せてもらった。\n控えめに言って最高だと思います。,,
23530204,10,1,ヴィヴィアン,「あははっ、車掌さんったら目が真剣よ。\n　でも、そうやって褒めてほしくて着たから、素直に嬉しいわ」,,
23530204,11,1,,おもむろに、ヴィヴィアンが衣装を眺める。,,
23530204,12,1,ヴィヴィアン,「それにしても綺麗なデザインよね。作りもしっかりしてる」,,
23530204,13,1,ヴィヴィアン,「さすが仕立て屋ヨシノ、本領発揮ね。\n　ふふっ、一度、ニシキの服って着てみたかったのよ」,,
23530204,14,1,,確かに、素晴らしい仕事だな。,,
23530204,15,1,ヴィヴィアン,「国によって服装に個性があるのは面白いと思うわ。\n　文化の違いかしらね」,,
23530204,16,1,ヴィヴィアン,「ヴェルフォレットとは違うテイストよね。\n　エキゾチックで動物の耳と尻尾がすっごく、かわいい」,,
23530204,17,1,,ヴィヴィアンは、ファッションショーに満足したらしい。\nそう、確かに、衣装も見事なのだが。,,
23530204,18,1,,ヴィヴィアンが、着ているからこそ、魅力が引き立つというか……。\nあまり大胆なポーズをとられると、\n目のやり場に困るというか、眼福というか。,,
23530204,19,1,ヴィヴィアン,「あははっ、車掌さんったら褒めすぎよ。\n　よっぽど、ヴィヴィちゃんのコスプレが気に入ったのね？」,,
23530205,1,1,,しばらく、ヴィヴィアンと他愛のない話をしているうちに時間が経った。,,
23530205,2,1,ヴィヴィアン,「車掌さん、そろそろ行っちゃうの？」,,
23530205,3,1,,おずおずと服の裾を握ってきて、そう引き留める。\nどことなく、色っぽい仕草だ。,,
23530205,4,1,ヴィヴィアン,「わざわざ、こんなところに呼び出したのはね……。\n　そういうこと……期待してたからよ」,,
23530205,5,1,ヴィヴィアン,「私から言わせるなんてずるいわよ、もうっ」,,
23530205,6,1,,すまなかった……。必死で自制していたのに、逆効果だったようだ。\nヴィヴィアンの好意を嬉しく受け止め、彼女の身体をそっと抱き寄せる。,,
23530205,7,1,ヴィヴィアン,「ふふっ、本当にこの服を着た私を気に入ってくれたのね？」,,
23530205,8,1,,図星をついてきた彼女は、いたずらっぽく笑ってみせた。,,
23530205,9,1,ヴィヴィアン,「んっ、私ね……この体勢、好きなの……。\n　車掌さんの顔が見えるし、ぎゅーってできるから……はぁ、あぁんっ！」,,
23530205,10,1,,ヴィヴィアンが、こちらに抱きつくような恰好で交わっていた。\n既に潤んだ秘部は、肉棒を含んでいる。\n体勢とヴィヴィアンの自重もあり、一際、深く繋がっていた。,,
23530205,11,1,ヴィヴィアン,「んっ、んっ、あぁ、あんっ……っ！\n　車掌さん……もうちょっと、くっついていい……？」,,
23530205,12,1,,ヴィヴィアンが縋るようにして身を寄せてきた。\n豊満なバストが押しつけられる。\n柔らかい感触と人肌の温もりは心地良かった。,,
23530205,13,1,ヴィヴィアン,「ふふっ、今日はめいっぱい甘えちゃおうと思って……。\n　ん、はぁっ、あっ、あんっ！」,,
23530205,14,1,,これだけ、密着しているのだ。\nおそらく、ヴィヴィアンにも伝わっているとは思う。\nこちらだって、このシチュエーションにドキドキしていた。,,
23530205,15,1,ヴィヴィアン,「うん、そうね……はぁ、んっ！　車掌さんの心臓の音すごい……。\n　でも、私も……っ、だからぁ……っ、お互い様、かな……？」,,
23530205,16,1,,ヴィヴィアンがむっちりとした臀部を落とす。\nこちらも浅く、腰を揺らした。\n濡れそぼった隘路が竿肌に絡みついてくる。,,
23530205,17,1,ヴィヴィアン,「あ、ふぁ、あぁ……んっ、トントン、されるの、好きぃ……っ！」,,
23530205,18,1,ヴィヴィアン,「はぁっ、ん、んんっ！　車掌さん、今日すごく……エッチ……。\n　ナカでおっきくして……熱いの……っ、ああっ！」,,
23530205,19,1,,興奮にまかせて、抽挿が加速される。\n竿肌を伝う蜜が、潤滑油となって動きをスムーズにする。,,
23530205,20,1,ヴィヴィアン,「んんっ、はぁ、はぅ……んっ……！\n　ピストン、激しいの……っ！」,,
23530205,21,1,,ヴィヴィアンだって、腰の動きがとまらない。\n柔肌が、艶っぽく上気していて、律動に夢中な様子。,,
23530205,22,1,ヴィヴィアン,「あ、んっ！　もしかして、コスプレの効果で……？\n　んんっ、ふぅっ、はぁ、あんっ！」,,
23530205,23,1,,それもあるが、いつも以上に膣がよく締まる。\n肉身を締めあげて、快楽を増していた。,,
23530205,24,1,ヴィヴィアン,「はぁ……んっ！　これ……感じるのよっ、んうぅっ、うぅうっ！」,,
23530205,25,1,ヴィヴィアン,「尻尾がね、おもちゃになってて……。\n　つい、お尻に力が入っちゃうのよ……はぁっ、はぁっ」,,
23530205,26,1,,合点がいった。\nつまり、尻尾が性具の役割を果たしているということか。,,
23530205,27,1,,どういう仕組みで尻尾が付いているのかと思っていたが……\nということは、さっき普通に会話していたときも、\n尻尾はヴィヴィアンの……。,,
23530205,28,1,ヴィヴィアン,「ひぁ、あっ、あぁんっ！　また、車掌さんが、んんっ、\n　おっきく、なってぇ……っ！？\n　やぁんっ、んっ、どうしてっ、はぁ、あぁっ」,,
23530205,29,1,ヴィヴィアン,「ん、ひぁ、あぁあっ……！\n　お尻に食い込んでっ、はぁっ、き、気持ち良いの……っ」,,
23530205,30,1,,ヴィヴィアンが、恥じらうようにぷるぷるしている。\nその含羞がたまらなく、可愛らしい。\nつい、下から力強く突きあげてしまう。,,
23530205,31,1,ヴィヴィアン,「やぁ、あぁあ……んっ！　それ、刺激強いのっ……！\n　そ、そんなにされたらイっちゃうぅっ……！」,,
23530205,32,1,,快感に、白い臀部がのたうつ。\n先ほどから、膣肉がヒクヒクと痙攣していた。\n密着したところが、熱くて蕩けそうだ。,,
23530205,33,1,ヴィヴィアン,「んんッ、はぁ、はぁんっ、あぁっ！　も、だめぇっ！」,,
23530205,34,1,,首筋に微弱な痛みが走る。\n性感を堪えようとしたヴィヴィアンが甘噛みしてきた。,,
23530205,35,1,ヴィヴィアン,「あ、むっ、はむっ、ん、んッ！\n　車掌さんっ、きちゃうぅっ！　我慢できないのっ！　んうぅっ！」,,
23530205,36,1,ヴィヴィアン,「お腹、きゅーってするのっ……！\n　ひぁ、あぁあああああんっ！　イク、イっちゃうぅっ！」,,
23530205,37,1,,ヴィヴィアンが、しがみついてきた。\n同時、熱を孕んだ膣肉が、いっそう、太竿を締めあげて――,,
23530205,38,1,ヴィヴィアン,「ああああぁぁぁぁっ、イクっ、イッ、くうぅぅぅぅ――っ！！」,,
23530205,39,1,,膣奥めがけて迸りを叩きつけた。\n同時に、ヴィヴィアンの全身が小さく痙攣し、こちらの身体をつかんでいた\n手のひらにも力が込められた。,,
23530205,40,1,ヴィヴィアン,「あふぅ、うぅうんっ！　は、ふっ！\n　ナカに、車掌さんの、熱いの……きもちい、の……っ！」,,
23530205,41,1,ヴィヴィアン,「はぁっ、はぁ、んっ！　車掌さん……。\n　いっぱい、出たわね……？」,,
23530205,42,1,,ヴィヴィアンが、湿っぽい呼気を吐く。\n淫蕩な表情をしていた。ピンクの口唇を開き――,,
23530205,43,1,ヴィヴィアン,「あーんっ、あむっ、あむっ……ちゅ……っ♪\n　うふふ、私の痕、つけちゃお♪」,,
23530205,44,1,,ヴィヴィアンが、甘噛みをした。\nさらには、髪をこすりつけて、無邪気にじゃれついてくる。,,
23530205,45,1,ヴィヴィアン,「うふふっ、今の私はね、かわいいキツネさんだから……。\n　ヴィヴィちゃん流の、愛情表現よ♪　は、むっ♪」,,
23530205,46,1,,本当に、今日のヴィヴィアンは、ずいぶん甘えたがりだな。,,
23530205,47,1,ヴィヴィアン,「ん、車掌さんにすっごく甘えたい気分なの。\n　……だめ、かな」,,
23530205,48,1,,その言い方はずるい。\nその後も存分に、悪戯っ子のキツネさんを甘やかすのだった。,,
23540104,1,1,ヴィヴィアン,「できたわ。\n　うん、いい感じだと思うけど、どうかしら？」,,
23540104,2,1,,ふと寮の談話室をのぞくと、ヴィヴィアンが何やらたくさんの道具を並べて\nブルーゼとノヴェラを座らせて何かしていた。,,
23540104,3,1,,何気なく声をかけると、ブルーゼは硬直してしまう。,,
23540104,4,1,ヴィヴィアン,「だめよ、車掌さん。\n　いきなり声をかけたら、ブルーゼがびっくりしちゃうじゃない」,,
23540104,5,1,,硬直したままこちらを凝視するブルーゼ。その顔は元々端正だったものが\nさらに引き立つように化粧を施されていた。,,
23540104,6,1,ヴィヴィアン,「二人にメイクの練習の協力してもらっていたの」,,
23540104,7,1,,単純に声をかけられて驚いたというよりも、\n化粧した状態を見られることに心の準備が必要だったのかもしれない。\n少し大人っぽく見え、また違った魅力が感じられると言うと\nブルーゼは安堵したように口元をほころばせた。,,
23540104,8,1,,ブルーゼの隣のノヴェラは既に仕上がっている。\n彼女もまた、濃すぎない範囲で彼女が元々持っている美しさを\n引き立たせるようなメイクが施されている。,,
23540104,9,1,ヴィヴィアン,「どう思う、車掌さん？」,,
23540104,10,1,,贔屓目なしに、ノヴェラもブルーゼも美しい。ただの厚塗りではなく、\nそれぞれの個性が活かされているのでは……と、素人ながら感想を述べる。,,
23540104,11,1,,どういう趣旨かはわからないが、美に関することは\nやはりヴィヴィアンだな、と納得する出来栄えだった。,,
23540104,12,1,ヴィヴィアン,「そうよねぇ、うーん……」,,
23540104,13,1,,だが、ヴィヴィアンは不満そうに顔を歪ませる。,,
23540104,14,1,ヴィヴィアン,「そう、ブルーゼやノヴェラ……誰かの顔にメイクしてあげるのは\n　いいんだけど、私自身のメイクが……」,,
23540104,15,1,ヴィヴィアン,「ねえ車掌さん、ちょっと練習につきあってもらえないかしら」,,
23540104,16,1,,鏡面台に向かい、ヴィヴィアンは百面相をしている。,,
23540104,17,1,ヴィヴィアン,「ほら、他の子にしてあげるのに慣れちゃってるから、\n　鏡を見ながらするのが逆に違和感があるのよ」,,
23540104,18,1,ヴィヴィアン,「でも……うーん、自分の顔って見てるようで見てないのよね。\n　普段、どんな顔してるかは見えないし……」,,
23540104,19,1,,それから暫く、口紅などを塗ってみては「どう？」と\n聞かれるを繰り返すのだった。\nどう、と言われてもさすがに細かい違いまではわからないのだが……。,,
23540105,1,1,,でも、と背後からそっと抱きしめる。\n自分がどんな顔をしているのか、普段は見えない――というのは、\n確かにそのとおりだ。気になるものではある。,,
23540105,2,1,ヴィヴィアン,「ちょっと、車掌さん……？　や、やだ、急にそんな抱きしめたりして。\n　んっ、あんっ？　胸に手が、当たって、やぁっ」,,
23540105,3,1,,服のすそをたくし上げ、直接胸元に手を伸ばす。\nここまですれば、胸に手が当たったのが偶然や事故でない\nということがわかるだろう。,,
23540105,4,1,,鏡面台に向かわせたまま、彼女の両腕を引く。\nそして背後から、力強くいきり勃ったモノを彼女のナカへと挿し込んだ。,,
23540105,5,1,ヴィヴィアン,「はぁっ、あっ、まっ、ってぇ……っ！　車掌さんっ、急にどう、したのっ。\n　エッチしたいなら、はぁっ、ベッドいきましょうよ、んっ、はぁっ」,,
23540105,6,1,,それでは意味がない。\n普段は見られないヴィヴィアン自身の表情を、\n自分と一緒に見てもらうのが趣旨なのだから。,,
23540105,7,1,,普段は見ることのない自分の顔を直視するだけでなく、\nそれを他人にもまじまじと見られるのはどんな気分だ？,,
23540105,8,1,ヴィヴィアン,「えっ、自分の、顔って……んっ、はぁっ、エッチしてるときの、\n　私の顔ってこと……っ？　や、やだっ、恥ずかしい……っ」,,
23540105,9,1,ヴィヴィアン,「ちょ、待って、こんなの見れないっ、はぁんっ、やつ、あうっ、\n　手、離してよぉ、んぅっ、あん……っ、見ないでぇ」,,
23540105,10,1,,きっと、恥ずかしがって顔を手で覆うなりしてしまうだろう。\nそう予見していたので、あらかじめ腕をつかんだまま抽送を始めたのだ。,,
23540105,11,1,ヴィヴィアン,「あっ、あんっ、無理やりこんなエッチしてるときの顔っ、見せられて……っ、\n　はぁっ、んっ、たしかに、見たこと、ないけどぉ……っ」,,
23540105,12,1,ヴィヴィアン,「う、うそぉ……すごくエッチな顔、はぁっ、なんか顔の筋肉緩んじゃって、\n　はぁっ、こんないやらしい顔してるん、だ……っ、んんっ」,,
23540105,13,1,,エッチしてる最中も、興奮は一定ではなくどんどん高まっていく。\nその理由の一つはヴィヴィアンのこの表情に煽られることなんだ、\nと告げると、彼女は気恥ずかしそうに笑みを浮かべる。,,
23540105,14,1,ヴィヴィアン,「やぁんっ、そ、そんなこと言わないでよっ。\n　でも、うん……すごくエッチで、いやらしい顔しちゃってるわよね。\n　こんなの見たらムラムラしちゃうの、わかるかも……っ、んっ、はぁっ」,,
23540105,15,1,ヴィヴィアン,「じゃあ、はぁっ、車掌さんもっ、自分の顔……見てみてよ……っ」,,
23540105,16,1,,言われるがまま視線を鏡の方へ向ける。\n思った以上に真剣な表情をした男がいて、思わず苦笑した。,,
23540105,17,1,ヴィヴィアン,「なに、そんなふうに笑って……。\n　こんなに真剣な顔してると思わなかった？　そうよね、いやらしいことを\n　真剣な顔してると思ったらおかしいわよね」,,
23540105,18,1,ヴィヴィアン,「でも、んっ、はぁっ、そんな顔で見つめられながらしてるから、\n　私はうれしくなるのっ、んんっ、真剣に、私のことだけ考えて、\n　見てくれてる、そう感じるから……っ」,,
23540105,19,1,ヴィヴィアン,「だから、はぁっ、もっとエッチなところ、んんっ、車掌さんにっ、\n　見てもらいたい、って……思っちゃうのよ……？」,,
23540105,20,1,,ヴィヴィアンの美しい身体を前にして、\n考えごとでもしているかのような呆けた表情などできるはずもない。,,
23540105,21,1,,当然のことだと思いつつも、そんな可愛らしいヴィヴィアンの発言に、\n全身の血流が下腹部にますます熱く集中し始める。,,
23540105,22,1,ヴィヴィアン,「んっ、はぁっ、あんっ……！　私のなかで、びくんって、してぇっ。\n　あう、んんっ、いっぱい、はぁっ、あばれてっ」,,
23540105,23,1,,ふと気になって鏡を見れば、\n真剣を通り越して一点集中している男の顔があった。,,
23540105,24,1,ヴィヴィアン,「あ、あは……さっきより、もっとエッチな顔になってきちゃったぁ、\n　はぁっ、あんっ、私、んっ、車掌さんに激しくされたら、はぁんっ、\n　こんな顔になっちゃうの、ねっ……」,,
23540105,25,1,,ヴィヴィアンの肉襞に誘われるがまま、抽送はどんどん早まっていき、\n温かく潤んだ膣道の感触を味わいながら、ごりごりと奥をこすっていく。,,
23540105,26,1,,そのたびにヴィヴィアンの顔は快楽に染まっていくのだが、\n今日はその様をヴィヴィアン自身もリアルタイムで確認している。,,
23540105,27,1,ヴィヴィアン,「あっ、だ、だめっ、こんな顔っ、車掌さんに見られるなんて、\n　はぁんっ、恥ずかしいっ……！」,,
23540105,28,1,,だが、その恥じらいも快楽に置き換わっているのか、\nヴィヴィアンの蜜壺はきゅっときつく締め上げてくる。,,
23540105,29,1,,既に限界に近かった快感の境界線を、その締め上げで一気に越えて――,,
23540105,30,1,ヴィヴィアン,「はぁあああぁぁっ……！　あっ、あぁんっ、す、すごい、はぁっ、\n　私のイッちゃったときの顔、こ、こんな感じ、なのね……」,,
23540105,31,1,ヴィヴィアン,「はぁ、はぁっ、すっごくエッチな感じ……っ。\n　ねぇ、私、これ……鏡の前でするの、\n　ちょっと、くせになりそう、かも……」,,
23540105,32,1,,まったく同感だ。\n射精したにも関わらず、股間の熱が収まらないのを自覚しながら、\nヴィヴィアンに深く頷き返すのだった――,,
23540106,1,1,,ヴェルフォレット領内の、とある森林。\nヴィヴィアンとふたり、その険しい道のりを進んでいた。,,
23540106,2,1,ヴィヴィアン,「んーっ、すごく懐かしい匂い。\n　ほら、わかる？　この青い葉っぱの匂いがね、やっぱり他とは違うのよね」,,
23540106,3,1,,残念ながら、他の森林との違いは正直わからなかったが、\nヴィヴィアンが言うならきっとそうなのだろう。\n自分にとって重要なのは、事実よりも彼女が笑顔でいることだった。,,
23540106,4,1,ヴィヴィアン,「このあたりも、何も変わってないわね。ふふっ、懐かしいわ！\n　これ見て、この大きな岩が重なってるところ、私が子供のころのままよ」,,
23540106,5,1,,ここは、かつてヴィヴィアンがまだ幼かった頃、よく遊んでいた森だ。\nヴェルフォレット方面での任務があった後、帰還前のわずかな休暇を\n利用して、ヴィヴィアンと共に足を運んだのだった。,,
23540106,6,1,,案内するから、といって先導するヴィヴィアンは軽やかに、\n険しい森の道もすいすいと進んでいく。,,
23540106,7,1,ヴィヴィアン,「この岩の上に、えっと確か……ほら、あった！　見て、車掌さん」,,
23540106,8,1,,嬉しそうにはしゃぐヴィヴィアン。\nわかったけど、そこまで到達するまで、少し待ってくれ。,,
23540106,9,1,ヴィヴィアン,「あっ、ごめんなさい。私ったら嬉しくなっちゃって、つい」,,
23540106,10,1,,頭上の岩の上で、かがみ込んで何かを見つけた様子のヴィヴィアン。\n彼女のように軽やかに飛び乗ることはできないものの、\nなんとか自分も岩に這い上がる。,,
23540106,11,1,ヴィヴィアン,「大丈夫？　私は慣れてるけど、\n　車掌さんはこんな森の中を歩くのも慣れてないものね」,,
23540106,12,1,,体力にはそれなりに自信はあるのだが、\n森の中を歩くことに慣れていないとどうしても遅れてしまう。,,
23540106,13,1,,ヴィヴィアンが見つけたという場所には、\n何かの模様が刻みつけられていた。,,
23540106,14,1,ヴィヴィアン,「これ、私が目印にって付けたのよ」,,
23540106,15,1,,何の目印なんだ？,,
23540106,16,1,ヴィヴィアン,「ふふっ、それはね……あれよ」,,
23540106,17,1,,ヴィヴィアンが指し示した方向には、\n森の遠くまで見渡せる絶景が広がっていた。,,
23540106,18,1,ヴィヴィアン,「車掌さんにね、この風景を見せたかったのよ」,,
23540107,1,1,ヴィヴィアン,「ん……ちゅっ、んちゅっ……はぁっ、車掌、さんっ、はぁ……っ」,,
23540107,2,1,,絶景を見ながら、気がつけばヴィヴィアンとキスを交わして――,,
23540107,3,1,,そのまま服のすそから手を差し入れて、彼女の豊かな胸の柔らかさを\n手のひらのなかに収めると、さすがにヴィヴィアンは身を固くした。,,
23540107,4,1,ヴィヴィアン,「ん、ちょ、車掌さんってば、\n　こんなところで……はぁっ、やんっ」,,
23540107,5,1,,確かに屋外、それも自分たちの身体を隠すものなど何ひとつない状況だ。\n一方で、こんな森の奥深くまで誰も来ることはないだろう。\n丸見えではあるが、見るのは野生動物だけだ。,,
23540107,6,1,ヴィヴィアン,「そ、そうだけど……も、もう、仕方ないなぁ……」,,
23540107,7,1,,乱した服の隙間からのぞくヴィヴィアンの陰裂に、\n怒張したモノをゆっくりと挿入していく。\nそのなかは、たっぷりと蜜をたたえていて、竿肌を甘く包んでくれる。,,
23540107,8,1,ヴィヴィアン,「んっ、はぁ……っ、あんっ、車掌さんの、はぁっ、あっつい……！\n　こんなにして、んっ、はぁっ、エッチなんだから、もう……」,,
23540107,9,1,,誘ったのはもちろん自分なのだが、こんなに蜜たっぷりにしておいて、\nこちらが一方的に発情しているように言われるのも納得いかないな。,,
23540107,10,1,ヴィヴィアン,「えっ、そ、それはっ、だってぇ……。\n　車掌さんのキスがすごくエッチだったんだもん。すごく、じっくり、\n　いっぱいキスしてくれたから……ドキドキしちゃって……」,,
23540107,11,1,ヴィヴィアン,「ね、ねぇ、そんなに私のなか、とろとろになってるの……？\n　そ、それって変……？」,,
23540107,12,1,,変なんかじゃない。この愛液は自分を受け入れる準備をしてくれた証だし、\nこちらを離さないとばかりの締め付けで今にも持っていかれそうだ。\n――と、いかに素晴らしく心地いいものか力説すると、\nヴィヴィアンの顔はみるみるうちに紅潮していく。,,
23540107,13,1,ヴィヴィアン,「わ、分かったから……！　そんなふうに言われたら、んっ、\n　は、恥ずかしいってば……」,,
23540107,14,1,ヴィヴィアン,「あっ、はぁっ、やだぁ、あんっ！　エッチな音がしちゃって、はぁんっ、\n　車掌さんのいじわるっ、はぁっ、わざと音出してるでしょ……っ！」,,
23540107,15,1,,わざと何かしなくても、これだけ蜜が溢れていれば、\n抽送するたびに水音が聞こえるのも当然だろう。,,
23540107,16,1,,とは思ったものの、口にすればそれこそ意地悪だとヴィヴィアンから\n非難されそうだったので、曖昧にごまかしておく。,,
23540107,17,1,ヴィヴィアン,「んっ、はぁんっ、あんっ！　熱いのっ、はぁっ、キミの大きいので\n　こすられてるとこっ、はぁっ、すごく熱くなってるの……っ！」,,
23540107,18,1,ヴィヴィアン,「車掌さんの、熱がっ、はぁっ、伝わってきて……ぇっ！\n　あっ、どうして、んっ、こんなにしちゃってるのよ……っ」,,
23540107,19,1,,実は、ヴィヴィアンの蜜のことを言えた立場ではなく、\n早い段階で愚息は主張を始めていた。,,
23540107,20,1,,というのも、軽やかに森を進んでいく彼女を後ろから追いかけていて――,,
23540107,21,1,ヴィヴィアン,「え、パ、パンチラっ？」,,
23540107,22,1,,先ほどだって、背丈ほどもある岩の上にさっそうと立ってみたり、\nこちらがよじ登っているときには屈んでお尻を突き出してみたり……。,,
23540107,23,1,ヴィヴィアン,「や、やだっ、そ、そんなのっ、気付いて無くて……っ！\n　私っ、誘ったわけじゃないのよっ、んっ、あんっ！？\n　なんで今ここで私のなかで大きくしたの……っ？」,,
23540107,24,1,,パンチラの情景を思い出したら、\nその興奮がうっかり肉竿の先端にまで伝わってしまった。,,
23540107,25,1,ヴィヴィアン,「こうしてエッチしてても、パンチラを思い出したら興奮しちゃうの……？\n　ふふっ、変なの。でも、そっか……\n　そんなときから私にドキドキしてくれてたのね」,,
23540107,26,1,,こちらの首に回した手に力をこめ、ヴィヴィアンは顔を近づける。,,
23540107,27,1,ヴィヴィアン,「ちょっと、うれしいかも……」,,
23540107,28,1,,快楽に顔を火照らせながら、ヴィヴィアンはうっとりとつぶやく。\nそんな表情に煽られて、無意識のうちに腰つきも加速してしまう。,,
23540107,29,1,ヴィヴィアン,「あっ、はぁっ、んんっ、だめぇっ、そんなに激しくしたらっ、はぁっ、\n　私っ、こんな森の真ん中で、はぁっ、イッちゃうよっ、あっ、あぁんっ」,,
23540107,30,1,ヴィヴィアン,「んっ、あぁっ、きてっ、しゃしょうっ、さぁんっ！　はぁんっ！\n　ずっと見ててくれたっ、キミのきもちっ、わたしのなかにぃっ、あぁうっ！」,,
23540107,31,1,,言葉で、視線で、首にかけた手で、そして何より熱い媚肉で。\n自分を求めるヴィヴィアンの気持ちを受け取り、\n湧き上がる感情をそのままこみあげる絶頂に乗せて――,,
23540107,32,1,ヴィヴィアン,「んっ、あぁっ、はぁあああぁぁうっ……！\n　あ、あはぁっ、すごく、はぁっ、いっぱい、出てるぅ……っ！」,,
23540107,33,1,ヴィヴィアン,「ふふっ、私の秘密のとっておきの場所……大人になってから、\n　こんな秘密が増えちゃうなんて思ってなかったわ。\n　ね。車掌さんと私だけの秘密よ」,,
23540107,34,1,,甘い睦言ののち、ヴィヴィアンはそっと口づけてくる。\n柔らかな唇の感触を味わいながら、自分にとっても新たな、\n特別な場所になったのだと噛みしめるのだった――,,
23540204,1,1,,しんしんと、窓辺に雪が降り積もった夕暮れ時のこと。\n渡したいものがあるから、部屋で待ってて欲しい、とヴィヴィアンに伝えられ、\n休憩ついでに自室で寛いでいると――,,
23540204,2,1,ヴィヴィアン,「車掌さん、私よ……入るわね？」,,
23540204,3,1,ヴィヴィアン,「もしかして、待たせちゃったかしら？　準備に手間取っちゃって……」,,
23540204,4,1,,準備と聞いて、何を持ってきたのかと訝しげに彼女を見つめるも、\n別段、変わった様子はない。,,
23540204,5,1,ヴィヴィアン,「え～？　もっとよく見てよ。\n　ほら……顔を近づけて、よぉーく見て。ちゃんと変わってるでしょう？」,,
23540204,6,1,,ヴィヴィアンは、すっと手の甲を前へ差し出す。\nその爪先には、赤ワインのように美しい色のマニュキアが塗られていた。,,
23540204,7,1,,これは、もしかして……。,,
23540204,8,1,ヴィヴィアン,「やっと気づいてくれた？　そう、車掌さんがクリスマスプレゼントにくれた\n　マニュキアを塗ってみたの！　どう？　似合うでしょう？」,,
23540204,9,1,ヴィヴィアン,「車掌さんが私に似合いそうだって、選んでくれたのがすごく嬉しかったの……。\n　私のお気に入りの一つになったから、特別な日にだけ塗ることにしたわ」,,
23540204,10,1,,可愛らしく頬を染めている彼女を見て、愛おしさがこみ上げてくる。\nこれだけ喜んでくれるなら、贈ったかいがあったというものだ。,,
23540204,11,1,ヴィヴィアン,「それでね……渡したいものがあるって言ったでしょう？\n　マニュキアのお返しに、私から車掌さんへクリスマスプレゼントがあるの」,,
23540204,12,1,,まさかお返しが貰えるなんて思ってなかったから、素直に嬉しい。\nだが、どこにプレゼントがあるのだろうか？,,
23540204,13,1,,ヴィヴィアンはそれらしき物を持っておらず、思わず首を傾げていると――,,
23540204,14,1,ヴィヴィアン,「プレゼントは……えっとね、ここ……なの」,,
23540204,15,1,,うっとりと微笑んだ彼女が胸元をはだけさせていき、\n露出した素肌には、\nマニュキアと同じ赤いリボンが巻き付いているのが見えた。,,
23540204,16,1,,まさか、プレゼントは私、という展開か！？,,
23540204,17,1,ヴィヴィアン,「……ねぇ、車掌さん。\n　このプレゼント……ぜぇんぶ、残さず貰ってくれる？」,,
23540205,1,1,ヴィヴィアン,「あんっ……もう、せっかちなのは嫌われるわよ。\n　いい？　私が、今着ている服は、いわば包装紙なの。\n　乱暴に破いちゃダメでしょう？」,,
23540205,2,1,,ヴィヴィアンに誘惑され、迷わずがっつきそうになると、\n彼女は人差し指を唇にあてがいながら小さく微笑んだ。,,
23540205,3,1,ヴィヴィアン,「これじゃあ、せっかくのムードが台無しよ。\n　包装紙は丁寧に開いてくれなくちゃ……ね？」,,
23540205,4,1,,その細い指先が頬をなぞり、魅惑的な色香に惑わされる。\nだが、ヴィヴィアンの言う通りだ、と降参の意を示して両手を挙げた。\nせっかくの贈り物はじっくり堪能するに限る。,,
23540205,5,1,ヴィヴィアン,「ふふっ、さすが車掌さん。\n　じゃあ、次はどうすればいいのか……分かる？」,,
23540205,6,1,,そう言って、はにかんだヴィヴィアンの手を取り、\n赤く彩られた爪先にキスをする。\nそして、甘い香りが漂う柔らかな身体を後ろから抱き寄せていた。,,
23540205,7,1,ヴィヴィアン,「あっ、あ、ああっ……んっ、いいわ……すごく、いい……あっ、あんっ」,,
23540205,8,1,,素肌にリボンを巻いただけの姿が、これほど魅力的だなんて、初めて知った。\nもちろん、相手がヴィヴィアンだからこそ、\n激しい劣情を抱いてしまうのだが……。,,
23540205,9,1,ヴィヴィアン,「ふふっ……ねぇ、知ってる？　キミにそう言って貰えるだけで、\n　私がどれだけ嬉しくて仕方がないかって……んんっ」,,
23540205,10,1,ヴィヴィアン,「んあっ、あっ……それに、クリスマスだもの。\n　車掌さんの前では……あんっ、最高に可愛い私でいたいの……んっ」,,
23540205,11,1,,両腕で彼女の身体を支えながら、あらわになった蜜窟から最奥を突くたびに、\n丸みを帯びた乳房が扇情的に揺れる。,,
23540205,12,1,,史上最高のクリスマスプレゼントが、この腕の中にある。\nヴィヴィアンはいつも可愛いけど、今日は一段と……綺麗だ。,,
23540205,13,1,ヴィヴィアン,「ふふ……あっ、そうよ……んっ、あっ。\n　これは、車掌さんへのクリスマスプレゼントだもの……あっ、あっ」,,
23540205,14,1,ヴィヴィアン,「それなら、もっと……ご奉仕してあげなくちゃ、いけないわ。\n　こんなのは……どぉ？　んっ、んああっ」,,
23540205,15,1,,きゅんっと蜜壺が窄まる感覚がして、\n温かな蜜に包まれた肉棒が締め付けられた。,,
23540205,16,1,ヴィヴィアン,「ああっ、そう、そのまま……あっ、上下に、擦って……いいのよ。\n　私のナカでもっと、気持ちよくなって、車掌さん……ああっ」,,
23540205,17,1,,甘く溶けてしまいそうな嬌声と、軽く解けてきたリボンが、\nさらなるエロスを感じさせる。,,
23540205,18,1,ヴィヴィアン,「ふ、ふふ……夢中で、腰を振っているキミの顔が見られなくて……あんっ、\n　ちょっと、残念だけど……んあ……っ」,,
23540205,19,1,ヴィヴィアン,「車掌さんと……肌が触れあってるだけで……気持ちいい……っ！\n　あっ、あっ……急に、おっきくなってぇ……あぁんっ！」,,
23540205,20,1,,先端が内壁をえぐるたびに、ヴィヴィアンの喜悦の声が響き渡る。\nそんなあでやかな姿にすっかり酔いしれてしまい、リズミカルに腰を打ち付けた。,,
23540205,21,1,ヴィヴィアン,「あっ、ああっ！　イイッ、すごく……イイッ！\n　車掌さんのが、私をいっぱい突いて……お腹の中が、\n　キュンキュンしちゃう……ああんっ！」,,
23540205,22,1,ヴィヴィアン,「おねが、いっ……もっと、欲しいっ……ああんっ！\n　ねぇ、約束したでしょ、う？　ひぁあっ、あん……っ、\n　ぜぇんぶ……残さず、貰ってくれるって……ああっ」,,
23540205,23,1,,ヴィヴィアンの言葉に同意する余裕はなく、\nただ、一心不乱に律動を繰り返していく。,,
23540205,24,1,,すべて、食べつくしてしまいたい。,,
23540205,25,1,,蜜壺から溢れる愛液も、熱に浮かされて目じりに浮かんだ涙も、\n火照った肌に滲んだ汗も、何もかも――。,,
23540205,26,1,ヴィヴィアン,「はっ、あっあっ……ああっ、ダメぇ……そんな激しくされちゃったら、\n　何も考えられなくなって……あんっ、ああっ！」,,
23540205,27,1,ヴィヴィアン,「ふああっ、車掌さ……っ、車掌さんっ……！\n　お願い、イくときは……ひぁあっ、一緒にぃ……ああっ、あっ、\n　クる……きちゃう、きちゃ……はっあ、あっ、あああああああっ！！」,,
23540205,28,1,,彼女の全身に、断続的な震えが走るのを感じ、\n慌てて肉棒を蜜窟から抜き去った――その瞬間。,,
23540205,29,1,,先端から爆ぜた真っ白な欲望が、ヴィヴィアンの胸元や顔に飛沫した。,,
23540205,30,1,ヴィヴィアン,「はっ……んっ……ふふふ。\n　いっぱい、かかっちゃったわね、車掌さんのせーえき……」,,
23540205,31,1,,ぺろりと赤い舌で唇を舐め上げたヴィヴィアンは、まっすぐに視線を上へ向ける。\nその艶美な笑みに、すっかり虜になってしまった。,,
23540205,32,1,ヴィヴィアン,「どうだった？　私からのクリスマスプレゼント……。\n　もちろん、満足してくれた？」,,
23540205,33,1,ヴィヴィアン,「車掌さんが望んでくれるなら……。\n　また来年も、同じプレゼントをあげてもいいと思ってるから……」,,
23540206,1,1,,夜の静寂に包まれた列車内を、一人で見回っていたときのことだ。,,
23540206,2,1,ヴィヴィアン,「あっ、やっと見つけたわよ、車掌さん。\n　寮の部屋へ行ったのに、まだ帰ってないみたいだったから、探しちゃった」,,
23540206,3,1,,薄暗い列車内に突如現れたヴィヴィアンに、内心、とても驚いてしまう。\nだが、彼女には気づかれていないようで、ほっとした。,,
23540206,4,1,ヴィヴィアン,「なぁに？　お化けでもみたような顔しちゃって。\n　……なんて、冗談よ。実は車掌さんに用があって探していたの」,,
23540206,5,1,ヴィヴィアン,「明日、お互いにお休みでしょう？　街へショッピングに行きたいの！\n　クリスマス限定のコスメが販売されるんだけど、個数限定だから、\n　早めにお店へ並ばないといけなくて……」,,
23540206,6,1,,一緒に街へ行くのは構わないが、コスメが欲しいだけなら、\n一人でも十分じゃないだろうか？,,
23540206,7,1,,思わず突っ込んで聞くと、ヴィヴィアンは少し言葉を詰まらせてしまう。,,
23540206,8,1,ヴィヴィアン,「欲しい限定コスメは一つじゃないのよ。でも、残念なことに、\n　私の身体は一つしかないから、車掌さんにも協力して欲しいの」,,
23540206,9,1,,なるほど、つまり荷物持ちに呼ばれたわけか。,,
23540206,10,1,,オシャレに余念がない彼女のことだ。\nきっとコスメ以外にも、服や靴なども買うつもりなのだろう。,,
23540206,11,1,ヴィヴィアン,「荷物持ちってことは否定しきれないわ。でも……。\n　私、車掌さんをデートに誘ってるつもりなんだけど……嫌だった？」,,
23540206,12,1,,じとりとした視線を受けて、慌てて首を振る。\nヴィヴィアンと一緒に過ごせるだけで、嬉しいに決まっているだろう。,,
23540206,13,1,ヴィヴィアン,「ふふ、そうでしょう？　車掌さんのために\n　とびっきりのオシャレをしていくから、楽しみにしててね？」,,
23540206,14,1,,ふふん、とイタズラに微笑むヴィヴィアン。\nいつも可愛い彼女が、デートのためにわざわざ着飾ってくれると聞いて、\n思わず頬が緩んでしまうなんて。,,
23540206,15,1,,自分でも本当に単純だと思うが、ヴィヴィアンの愛らしい一面に\nどっぷりハマってしまっているのだから仕方ない。,,
23540206,16,1,ヴィヴィアン,「あら、私だって……車掌さんのことがすごーく……大好きよ」,,
23540206,17,1,,ふいに首に回された腕に引っ張られ、ヴィヴィアンの柔らかい唇が頬に触れる。\nほのかに漂ってきた、彼女の香水の匂いに、頭がくらくらと揺れた。,,
23540207,1,1,ヴィヴィアン,「んっ……んんっ……！　はぁ……。\n　もう、車掌さんのばか……こんなところで……んっ」,,
23540207,2,1,,かすかに灯る明かりを頼りに、ヴィヴィアンの唇を追いかける。\n閑散とした列車内に、互いの舌を絡め合う深い口づけの音が響き渡った。,,
23540207,3,1,ヴィヴィアン,「んっ、んっ……んぅ……。\n　ダメだってばぁ……誰かに気付かれたら……ふあぁっ」,,
23540207,4,1,,さっきまで見回りをしていたため、列車内に誰もいないことは確認済み。\nだから、何の問題もない。\n誰かに見つかるかもしれないという危機感よりも、\n目の前で熱に浮かされているヴィヴィアンの瞳に劣情を煽られてしまった。,,
23540207,5,1,ヴィヴィアン,「ここで……するの？\n　んっ……もう、しょうがないわね……。\n　今日は……特別だからね？」,,
23540207,6,1,,この状況をどこか楽しんでいるように微笑むヴィヴィアンの身体を、\nそっと車内の壁へ押し付けた。\nそして、彼女は自ら進んで、スカートの裾をたくし上げたのだった。,,
23540207,7,1,ヴィヴィアン,「はぁんっ……ちょっと、待っ……ああっ、ナカ、とんとんしちゃダメぇ……」,,
23540207,8,1,ヴィヴィアン,「だって……声が、あっ……我慢できなくなっちゃうから……。\n　あんまり、大きい声出していたら……んっ、誰かに……っ、\n　気付かれちゃう、でしょう……ひぅんっ」,,
23540207,9,1,,結合したままの状態で、外気にさらされた陰核を\n軽く指先で摘まんだり、弾いたりしていると、\nヴィヴィアンの唇から熱い吐息がこぼれた。,,
23540207,10,1,ヴィヴィアン,「はぁんっ……うぅんっ、あぁ……っ。\n　なんだか、身体が火照ってきちゃうし、\n　お腹の中がきゅうって……苦しいっ」,,
23540207,11,1,ヴィヴィアン,「どうして……かしら、あんっ……。\n　いつもより、感じちゃう……気がするの……んんっ」,,
23540207,12,1,,ぴくぴくと目の前で小さく痙攣しているヴィヴィアンは、\n快楽に溺れて、蕩けた表情を向ける。,,
23540207,13,1,,昼間は皆がいるはずの列車内で行為に及ぶという背徳感が、\n一種の媚薬のようになって、さらなるエクスタシーを感じていた。,,
23540207,14,1,ヴィヴィアン,「はぁっ……あぁん！　ああっ、はぁあんっ、しゃしょう、さん……。\n　私、ダメって思っているのに……んっ、ふぁあっ」,,
23540207,15,1,ヴィヴィアン,「車掌さんに……もっと、奥まで……ひぁあんっ……\n　もっと、深いところまで……ぐちゃぐちゃに、触れてほしい……ああっ！\n　すごい……こんなの初めてで……はぁんっ」,,
23540207,16,1,,ふいに愛液で濡れそぼった膣口へ視線を落とすと、\n肉棒をくわえ込んだそこは、すでに洪水状態になっていた。,,
23540207,17,1,,彼女の肉壁が物欲しそうに、ひくひくとうごめくのを感じ、\nひと際大きく膣内へ肉棒を突き上げた。,,
23540207,18,1,ヴィヴィアン,「ひゃあああっ！　あ、あ、あっ……車掌さんの……ペニス……ああっ、\n　おねがい……もっと、奥までいっぱい突き上げて欲しいのっ、ああん！」,,
23540207,19,1,ヴィヴィアン,「あはっ、あぁっ、あっあっ！　わ、私の中で、車掌さんのペニスが、\n　暴れて……ああんっ！　たくさん擦れてる……ああ、あぁあっ」,,
23540207,20,1,,熱い蜜に包まれた肉棒を、奥へ奥へと埋め込んでいく。,,
23540207,21,1,,互いの素肌がぶつかり合う乾いた音が響いて、\nまるで鼓膜を犯されているような感覚に陥った。,,
23540207,22,1,ヴィヴィアン,「あつ、いっ……ひぅうんっ、熱いの、車掌さ……あぁっ。\n　お腹のナカが、燃えそうなくらい……あつくて、はぁっ、あっ、あぁんっ」,,
23540207,23,1,ヴィヴィアン,「んっ、あぁっ……ひぁあっ！\n　ああっ、頭までズンって、して、キモチ、いいっ、もっと、はぁっ、\n　もっと、して……！」,,
23540207,24,1,,頬を上気させ恍惚にもだえるヴィヴィアンの姿に、\n腰の動きも最高潮を迎える。,,
23540207,25,1,ヴィヴィアン,「あっ、ああっ……ふぁあっ！　だめぇっ……しゃしょうさんっ！\n　何か、きてるっ……あ、あ、あっ！　なにか……、んぁあっ、\n　も、だめ、きちゃうぅう……あ、ああっ、あああああっ！」,,
23540207,26,1,,強く最奥を突きあげた瞬間、彼女は背中を弓なりに反らせて絶頂した。,,
23540207,27,1,,それと同時に、ヴィヴィアンの中でぶちまけられた白濁は、\nたちまち子宮まで到達して、膣内を満たしていった。,,
23540207,28,1,ヴィヴィアン,「はぁ……あ……んんっ……。\n　車掌さん……私……気持ちよすぎて意識が飛んじゃいそうだったわ……」,,
23540207,29,1,,荒い呼吸を整えながら、彼女の中を満たしていた肉棒を抜き去ると、\n白く滑らかで美しいヴィヴィアンの太ももに、溢れた精液が流れ落ちていく。,,
23540207,30,1,,あんなに乱れた彼女は初めて見た気がして、つい、癖になりそうだった。,,
23540207,31,1,ヴィヴィアン,「そう……ね。明日、約束通りにデートをしてくれて、\n　美味しいものを一緒に食べて、買い物にも付き合ってくれるなら……」,,
23540207,32,1,ヴィヴィアン,「また、今日みたいに付き合ってあげてもいいわよ？　ふふっ」,,
23540304,1,1,,休日、ヴィヴィアンに誘われてヴェルフォレットに遊びに来ていた。\nお目当ては『限定品のチョコレート』らしい。\nなんでも期間限定販売のレアものだそうだ。,,
23540304,2,1,ヴィヴィアン,「売り切れてるか心配だっだけど、無事に買えてよかったわ。\n　ブルーゼ、喜んでくれるかしら」,,
23540304,3,1,,ヴィヴィアンからのプレゼントなんだ、きっと喜んでくれる。\nところでどうしてブルーゼに？,,
23540304,4,1,ヴィヴィアン,「この間、私の人形に新しい服を作ってくれたのよ。\n　それがとっても可愛かったから、お礼にと思って」,,
23540304,5,1,,そうだったのか。\n……それにしても、カップルが異様に多くないか？,,
23540304,6,1,ヴィヴィアン,「『恋人の日』ってイベントをやっているみたいなの。\n　恋人同士で来店すると割引があったり、\n　プレゼントを貰えたりするって、さっきお店の人が教えてくれたわ」,,
23540304,7,1,ヴィヴィアン,「せっかくだし、私達も便乗してみない？\n　人前で堂々と腕を組んで歩くなんて機会、滅多にないし」,,
23540304,8,1,,たしかに、ヴィヴィアンの言う通りだ。\n腕を差し出すと、ヴィヴィアンがぎゅっと抱きついてきた。,,
23540304,9,1,ヴィヴィアン,「ふふっ、これだけ密着してれば私達のこと恋人同士だって、\n　みんな間違えちゃうわね。車掌さんは何処か行きたいところある？」,,
23540304,10,1,,ヴィヴィアンと一緒なら何処でも楽しいよ。,,
23540304,11,1,ヴィヴィアン,「あら、嬉しいことを言ってくれるわね。\n　私も車掌さんと同じ気持ちよ。\n　それじゃあ目的も達成したことだし……ぶらぶら歩きましょうか」,,
23540304,12,1,,そうして、ヴィヴィアンと腕を組みながら街を歩く。\nたまにはこうしてゆっくり歩くのも、悪くない。\nとはいえ気になることもあり――,,
23540304,13,1,ヴィヴィアン,「周りは本物の恋人同士ばかりだものね。\n　みんなふたりの世界というか……あっ、あそこのふたりすごいわよ。\n　今キスしてたの見た？　みんな大胆ね……」,,
23540304,14,1,,よく見ると、ほっぺにキスをしていたり抱きついていたりと、\n街全体が甘い雰囲気に包まれていた。\n気恥ずかしいのか、ヴィヴィアンの頬が少し赤く染まっている。,,
23540304,15,1,,ちょっと人気のないところに移動しようか。,,
23540304,16,1,ヴィヴィアン,「そうね、ここにいたらせっかく買ったチョコが\n　熱にあてられて溶けちゃいそうだもの」,,
23540305,1,1,,人気のない路地裏へ辿り着き、ふぅと息を吐く。\n恋人同士の熱にあてられた頬に冷たい風が心地よい。,,
23540305,2,1,ヴィヴィアン,「ここまで来れば大丈夫そうね。\n　まわりの恋人達の視線もあって、相乗効果で盛り上がっていたのかしら」,,
23540305,3,1,,それはあるかもしれない。他のカップルのやりとりを見て、\nこっちはもっとすごいことをしようと思う人がいても可笑しくない。\nどのみち、自分にとってはどちらも目に毒ではある。,,
23540305,4,1,ヴィヴィアン,「……ねえ、もっと恋人らしいことしたいって言ったら、\n　車掌さんは困るかしら？」,,
23540305,5,1,,え？　と問いかける前に、すっと下半身に手を伸ばされた。,,
23540305,6,1,ヴィヴィアン,「だってほら、車掌さんのここ……さっきからずっと、\n　苦しそうなんだもの」,,
23540305,7,1,,服の上から先端をなぞられ、思わず反応してしまう。\nそのまま服に手をかけられ――,,
23540305,9,1,ヴィヴィアン,「んっ……車掌さんのもうこんなに大きくなってる。\n　少し蒸れた匂いがして……はぁっ、興奮しちゃう、んぅ……っ」,,
23540305,10,1,ヴィヴィアン,「それじゃ、遠慮無くいただくわね……っ、れろっ、ちゅぅぅ……」,,
23540305,11,1,,ゆっくりとした動作でヴィヴィアンはそそり立った肉棒を、\n頬張っていく。,,
23540305,12,1,ヴィヴィアン,「ちゅっ、ふぅ……んっ、私の口の中、はぁ……っ、\n　車掌さんのでいっぱいになっちゃった……ふふっ、あったかい」,,
23540305,13,1,ヴィヴィアン,「外で車掌さんの咥える、なんて……ちゅっ……ちゅるっ、んっ、\n　大胆なことしちゃうのは周りの空気に、あてられたから、かしら……っ」,,
23540305,14,1,ヴィヴィアン,「それとも……はうっ、ん、車掌さんが一緒にいると……ちゅっ、\n　自然とそういう気持ちになってしまうのかも、しれない……わね、\n　れろっ、はぁむ……んっ、どちらにせよやることは一緒、だけど」,,
23540305,15,1,,柔らかな唇で肉棒を包み込みながら、太ももを優しく撫でられた。\n目からの刺激と触れられた刺激が下半身に伝わり、\nびくりと腰が動いてしまう。,,
23540305,16,1,ヴィヴィアン,「あっ、んぅ……ちゅぅぅ、さっきよりも硬くなった、気がする。\n　ふはぁっ……先っぽ、舌でぐって押しつけて……んっ、ふぅ……、\n　カリのとこなぞってみたり……れろっ、れりゅぅ……っ」,,
23540305,17,1,ヴィヴィアン,「はぁ……んっ、んぅ、気持ちいい……？　んちゅぅっ、ふ……っ、\n　車掌さんの匂いと味が、濃くなって、じゅるっ……興奮、しちゃう」,,
23540305,18,1,ヴィヴィアン,「角度を変えると、喉の奥にあたったり……はぁっ、頬の内側を、\n　ぐって押し上げてきて、お口でするのって……れろっ、\n　お腹とは違う圧迫感があるの……好き、かな……んぅっ、じゅるるっ」,,
23540305,19,1,,更に奥まで飲み込まれ、喉奥に亀頭が擦れる。\n一瞬息をのんだヴィヴィアンは、興奮した様子で頭を動かし始めた。,,
23540305,20,1,ヴィヴィアン,「あ……んんっ、ぢゅぷぅ、ふぁ……っ、はぁ、こういうの……んっ、\n　口の中が犯されてるって……言うの、かな……んぢゅっ、れろぉ……っ」,,
23540305,21,1,ヴィヴィアン,「はぁっ、ん……っ、おっひくて顎が外れちゃいそう……あむ、\n　あぁんっ……ちゅっ、こんなに大きいの、れろっ……れりゅっ、\n　いつも下のお口でどうやって受け止めてるんだろう……」,,
23540305,22,1,,膣内で感じたことを思い出したのか、ヴィヴィアンの身体が少し震えた。,,
23540305,23,1,ヴィヴィアン,「はぁっ、あ……んっ、ふはぁっ……。\n　あん……太くなってぇ……むちゅっ、ぢゅる……っ、んちゅぅぅ」,,
23540305,24,1,ヴィヴィアン,「れろ、れりゅっ、どうしよう、涎止まらな……んっ、ぢゅるるっ、\n　はぅ……んんっ、先っぽから出て来たのと混じってる……」,,
23540305,25,1,,口の周りを涎でベタベタにしながらも、それを潤滑油の代わりとして、\n顔を前後に動かしていく。\nその度に濡れた音がヴィヴィアンの口内から発せられた。,,
23540305,26,1,,ヴィヴィアンの動きにあわせるように自身も腰を動かしていくと、\n濡れた音がより一層大きくなった。,,
23540305,27,1,ヴィヴィアン,「んぢゅっ、れろれろっ……ちゅぅうっ、い、いいわよ？\n　わたしのなか、んっ、喉の奥にいっぱい……はぁっ、いっぱい、出して」,,
23540305,28,1,ヴィヴィアン,「いつでも……あはぁっ、んぅっ、車掌さんの好きなタイミングで、\n　イッていいから……ね？　はふっ、むちゅっ……ぢゅるっ、れろれろっ」,,
23540305,29,1,,頭を、舌を、激しく動かされて限界が近くなっていき――,,
23540305,30,1,ヴィヴィアン,「んんんっ……！　んっ、ふぅっ、んっく……」,,
23540305,31,1,ヴィヴィアン,「じゅぽっ、ふぁ……っ、びくびくって跳ねて、んんっ！　はぁっ、あ、\n　そのまま、私の口に全部……んっ、車掌さんの全部ちょうだい……っ」,,
23540305,32,1,,思いっきり吸い上げられるのと同時に、\nヴィヴィアンの喉奥に亀頭を押し当てて、勢いよく白濁を吐き出した。,,
23540305,33,1,ヴィヴィアン,「んっ、ふ……はぁあ、すごい……んっ、はぁ、んぅ……っ、\n　濃いの、いっぱい出たわね。鼻の奥にまだ匂いが染みついてるわ」,,
23540305,34,1,,飲みきれなかった精液がヴィヴィアンの口の端から、つぅと垂れる。\nヴィヴィアンはそれを舌先で舐めとり、\nぼうっとした表情でこちらを見上げてきた。,,
23540305,35,1,ヴィヴィアン,「はぁ……っ、ねえ、車掌さん。おかわり、してもいい？\n　今度はこっちじゃなくて……こっちのお口で、受け止めたいの。\n　ダメ……かしら？」,,
23540305,36,1,,もちろん、喜んで。ヴィヴィアンの言葉に頷きながら頭を撫でると、\n嬉しそうな顔でヴィヴィアンは笑った。,,
23540306,1,1,ヴィヴィアン,「晴れたお休みの日に、私服で車掌さんとデート……。\n　ふふっ、最高のご褒美ね。誘ってくれてありがとう」,,
23540306,2,1,ヴィヴィアン,「こういうの、なんていうのかしら？　慰安旅行？\n　うーん、でもそこまで堅苦しいものでもないし、\n　お疲れ様会って言ったほうが正しいかもしれないわね」,,
23540306,3,1,,こちらこそ。\nここ最近、お互い連日任務続きで忙しかったからな。,,
23540306,4,1,ヴィヴィアン,「忙しいのは嫌いではないけれど、\n　ショッピングに行く時間がないのは少し寂しいわね。\n　流行のコーディネートとか見ておきたいもの」,,
23540306,5,1,,ヴィヴィアンは流行りのものに詳しいよな。勉強熱心というか。,,
23540306,6,1,ヴィヴィアン,「常にオシャレに関する知識は仕入れておきたいの。\n　それで、車掌さんに少しでも魅力的な子だなって思ってもらえたら、\n　私はとっても幸せよ」,,
23540306,7,1,ヴィヴィアン,「それにしても、フレイマリンに遊びに行くのは久しぶりな気がするわ。\n　プトラが知ったら、うらやましがるんじゃないかしら」,,
23540306,8,1,,間違いなく「あたしも行きたかった！」と言われるだろう。\nもしお土産用のナシゴレンがあったら、買って帰ってあげよう。,,
23540306,9,1,ヴィヴィアン,「ふふっ、そうね。……あっ、ねえ。窓を開けてもいいかしら？\n　天気もいいし、きっと風が気持ちいいと思うの」,,
23540306,10,1,,もちろん、好きに開けて構わない。,,
23540306,11,1,,窓の傍に近寄り、ヴィヴィアンがそっと窓を開けた瞬間、\n車内に涼しい風が入ってきた。,,
23540306,12,1,ヴィヴィアン,「きゃっ……！　思っていたよりも、風が強かったわね」,,
23540306,13,1,,目の前でぶわっとヴィヴィアンのスカートが捲れ上がり、\n彼女の下着が見えてしまった。\n風が入りすぎない程度に窓を閉めながら、慌ててごめん！　と謝る。,,
23540306,14,1,ヴィヴィアン,「ううん、気にしないで。今のは私が悪いの。\n　上まで開けたら、風が入ってくることくらい予想できたのに」,,
23540306,15,1,ヴィヴィアン,「……それにね、人に見せられないような恥ずかしい下着は、\n　履いていないから大丈夫よ。オシャレは下着からって言うでしょう？」,,
23540306,16,1,ヴィヴィアン,「だから気にしないで。今日はとびっきり可愛いの履いてきたんだから」,,
23540306,17,1,,悪戯っぽく笑って、スカートの裾を摘まみ上げるヴィヴィアンだった。,,
23540307,1,1,,つい先程見えたタイツから透けた下着が頭から離れない。\nヴィヴィアンの腕を掴み、そのまま寝室へと連れて行った。,,
23540307,2,1,ヴィヴィアン,「ふふっ、どうしたの？\n　到着するまでお昼寝でもしたくなっちゃった？」,,
23540307,3,1,,可愛らしく首を傾げるヴィヴィアンを、ベッドに押し倒す。,,
23540307,4,1,ヴィヴィアン,「……もう。車掌さんったらお尻に硬いのが当たってるわよ？\n　私の下着を見て興奮しちゃったのかしら」,,
23540307,5,1,,その通りだった。\n今すぐにでもヴィヴィアンが欲しくて仕方がない。\nせわしない手つきで、ヴィヴィアンの下着に手をかけた。,,
23540307,6,1,ヴィヴィアン,「あっ、んん……ちゅっ、ふぁ……んっ、ぁ、脱がしちゃだめ、んぅ」,,
23540307,7,1,,柔らかな唇を塞ぎ、そのまま露わになった場所へ手を伸ばし掻き回す。\nそしてすぐ、熱くなった肉棒を押し当てた。,,
23540307,9,1,ヴィヴィアン,「もうこんな熱くなって……んっ、ああ、入ってくる……ひぁん！\n　海で泳ぐから、体力とっておきたいのに……はぁっ、んぅ、\n　車掌さんいつも激しいから、体力もつかしら……ふぁ、はぁ……っん」,,
23540307,10,1,ヴィヴィアン,「んぁっ、乳首摘まんじゃだめ……んっ、はぁ……っ、\n　爪の先でカリカリってされると、声……あっ、出ちゃうの……んんっ」,,
23540307,11,1,,もっとヴィヴィアンの声が聞きたい、と今度は親指と人差し指で、\nピンとはった乳首をきゅっきゅと摘まみながら擦り上げた。,,
23540307,12,1,ヴィヴィアン,「あっ、やぁ……んっ、乳首そんな弄っちゃ……ふぁっ、あ、ぁんっ、\n　私の中、どんどん解れてきちゃう、からぁ……あっ、んぅう」,,
23540307,13,1,,ヴィヴィアンの言葉の通り、出し入れがしやすくなってきている。\n肉棒全体に湿り気を感じるのは気のせいではなさそうだ。,,
23540307,14,1,,突然のことに驚きながらも、\n濡れ始めてくる身体はとても愛おしいと思う。,,
23540307,15,1,ヴィヴィアン,「だ、だって……はぁぅ、車掌さんとふたりきりなんだって思ったら、\n　こういうことになるのかなって、少しは意識するわよ……んぁっ、はぁ」,,
23540307,16,1,ヴィヴィアン,「だから……ふぁっ、あ、んぅ……今日は持っている下着の中で、\n　一番可愛いのを履いてきたんだもの……あっ、はぁ……っん！」,,
23540307,17,1,ヴィヴィアン,「え、今……中でちょっと大きくな……ったぁ、\n　ああ……っ、んぁん」,,
23540307,18,1,,そんな可愛いことを言われては、反応しないわけがない。\nならば、全力でヴィヴィアンの期待に応えなくては。,,
23540307,19,1,ヴィヴィアン,「あ……んんっ、奥に先っぽ押し当てられると……はぁ、もっと、\n　もっと欲しくなってきちゃうじゃない……あっ、んくぅっ」,,
23540307,20,1,,ヴィヴィアンの願いを叶えようと、上から脚を更に強く押さえつけ\nより深く繋がるように動き始めた。,,
23540307,21,1,ヴィヴィアン,「ひぁっ、あ、これ……んぅっ、これすご……いぃっ、あぁんっ！\n　おへその裏側ゴリゴリって……あひっ、擦られてるの、わかるぅ……っ」,,
23540307,22,1,ヴィヴィアン,「車掌さんの熱くて、おっきなペニスが……んぁっ、あ！\n　何回も奥突いてきてぇ……あぁっ、あ、すご……熱い……ああっ！\n　これ……んはぁっ、あ、深い……っ」,,
23540307,23,1,,奥に思いっきり押し当てるように腰の角度を調整し、\nヴィヴィアンが一番感じる角度で何度も何度も責めていく。,,
23540307,24,1,ヴィヴィアン,「はぁっ、あ、ん！　パンパンって音、も、んぁあ……っ、あん！\n　やぁ、もう……えっちなことしか、ふぁっ、考えられなくなる……ん！」,,
23540307,25,1,ヴィヴィアン,「奥までもっと、あっ、もっとちょうだい……んぁっ、あぁん！\n　わ、私の入口から奥まで、ふぁっ、車掌さんで全部……んぁっ、\n　全部、満たして……あぁっ、ひぁん！」,,
23540307,26,1,,膣壁全てを擦り上げようと、円を描くようにして抽挿を繰り返した。\n先端が子宮口に当たる度に膣壁がぎゅっと、肉棒を締め付けた。,,
23540307,27,1,ヴィヴィアン,「ん、はぁっ……あぁんっ、ふぁ……っ。だめ、こんなの、\n　あ……っ、ひぁあ！　すぐイッちゃいそ……あっ、ああん！」,,
23540307,28,1,,甘い声が上がった部分を重点的に責めていくと、\nヴィヴィアンの声がより一層甘くなっていった。,,
23540307,29,1,ヴィヴィアン,「はぁっ、あっあっ……んっ、お願いイくときは一緒に……あぁっ、\n　一緒にイかせて……？　あっ、や、そんな激しくされたら……んんっ！\n　ほ、本当にイッちゃうからぁ……あぁっ、ん！」,,
23540307,30,1,,お互いにお互いの良いところに当たるように、\nこれまでよりも更に激しく腰を動かしていく。,,
23540307,31,1,ヴィヴィアン,「あ、あっ……んんっ、はぁっ、あ、だめ……。\n　おっきいのキちゃ……あ、あっ、ああああああっ」,,
23540307,32,1,,ヴィヴィアンが全身を震わせて果てるのと同時に\n最奥を目掛けて真っ白な欲望を彼女の中に全て吐き出した。,,
23540307,33,1,ヴィヴィアン,「はぁ……はぁっ、んぅ……ふぅ……やっぱり、車掌さんとすると、\n　激しくて体力全部もっていかれそうになっちゃうわね」,,
23540307,34,1,ヴィヴィアン,「海で遊ぶのはいつでもできるし……場所を変えて、\n　朝から晩まで車掌さんとずーっと繋がっている休日も楽しそう、ね」,,
23540307,35,1,,それもまた理想的な休日の過ごし方だと思う。\n少し休んだら、今度はどこでしようか。,,
23540307,36,1,ヴィヴィアン,「ふふっ、座席でも……んっ、窓の傍でもどこでもいいわよ。\n　車掌さんの好きなように、今日は私のことを抱いてちょうだい。ね？」,,
